This is pdfTeX, Version 3.141592653-2.6-1.40.29 (MiKTeX 26.2) (preloaded format=pdflatex 2026.4.20)  25 MAY 2026 00:18
entering extended mode
 restricted \write18 enabled.
 %&-line parsing enabled.
**./main.tex
(main.tex
LaTeX2e <2025-11-01>
L3 programming layer <2026-03-20>
(C:\Users\engma\AppData\Local\Programs\MiKTeX\tex/latex/base\book.cls
Document Class: book 2025/01/22 v1.4n Standard LaTeX document class
(C:\Users\engma\AppData\Local\Programs\MiKTeX\tex/latex/base\bk11.clo
File: bk11.clo 2025/01/22 v1.4n Standard LaTeX file (size option)
)
\c@part=\count275
\c@chapter=\count276
\c@section=\count277
\c@subsection=\count278
\c@subsubsection=\count279
\c@paragraph=\count280
\c@subparagraph=\count281
\c@figure=\count282
\c@table=\count283
\abovecaptionskip=\skip49
\belowcaptionskip=\skip50
\bibindent=\dimen150
)
(C:\Users\engma\AppData\Local\Programs\MiKTeX\tex/latex/base\inputenc.sty
Package: inputenc 2024/02/08 v1.3d Input encoding file
\inpenc@prehook=\toks17
\inpenc@posthook=\toks18
)
(C:\Users\engma\AppData\Local\Programs\MiKTeX\tex/latex/base\fontenc.sty
Package: fontenc 2025/07/18 v2.1d Standard LaTeX package
)
(C:\Users\engma\AppData\Local\Programs\MiKTeX\tex/latex/lm\lmodern.sty
Package: lmodern 2015/05/01 v1.6.1 Latin Modern Fonts
LaTeX Font Info:    Overwriting symbol font `operators' in version `normal'
(Font)                  OT1/cmr/m/n --> OT1/lmr/m/n on input line 22.
LaTeX Font Info:    Overwriting symbol font `letters' in version `normal'
(Font)                  OML/cmm/m/it --> OML/lmm/m/it on input line 23.
LaTeX Font Info:    Overwriting symbol font `symbols' in version `normal'
(Font)                  OMS/cmsy/m/n --> OMS/lmsy/m/n on input line 24.
LaTeX Font Info:    Overwriting symbol font `largesymbols' in version `normal'
(Font)                  OMX/cmex/m/n --> OMX/lmex/m/n on input line 25.
LaTeX Font Info:    Overwriting symbol font `operators' in version `bold'
(Font)                  OT1/cmr/bx/n --> OT1/lmr/bx/n on input line 26.
LaTeX Font Info:    Overwriting symbol font `letters' in version `bold'
(Font)                  OML/cmm/b/it --> OML/lmm/b/it on input line 27.
LaTeX Font Info:    Overwriting symbol font `symbols' in version `bold'
(Font)                  OMS/cmsy/b/n --> OMS/lmsy/b/n on input line 28.
LaTeX Font Info:    Overwriting symbol font `largesymbols' in version `bold'
(Font)                  OMX/cmex/m/n --> OMX/lmex/m/n on input line 29.
LaTeX Font Info:    Overwriting math alphabet `\mathbf' in version `normal'
(Font)                  OT1/cmr/bx/n --> OT1/lmr/bx/n on input line 31.
LaTeX Font Info:    Overwriting math alphabet `\mathsf' in version `normal'
(Font)                  OT1/cmss/m/n --> OT1/lmss/m/n on input line 32.
LaTeX Font Info:    Overwriting math alphabet `\mathit' in version `normal'
(Font)                  OT1/cmr/m/it --> OT1/lmr/m/it on input line 33.
LaTeX Font Info:    Overwriting math alphabet `\mathtt' in version `normal'
(Font)                  OT1/cmtt/m/n --> OT1/lmtt/m/n on input line 34.
LaTeX Font Info:    Overwriting math alphabet `\mathbf' in version `bold'
(Font)                  OT1/cmr/bx/n --> OT1/lmr/bx/n on input line 35.
LaTeX Font Info:    Overwriting math alphabet `\mathsf' in version `bold'
(Font)                  OT1/cmss/bx/n --> OT1/lmss/bx/n on input line 36.
LaTeX Font Info:    Overwriting math alphabet `\mathit' in version `bold'
(Font)                  OT1/cmr/bx/it --> OT1/lmr/bx/it on input line 37.
LaTeX Font Info:    Overwriting math alphabet `\mathtt' in version `bold'
(Font)                  OT1/cmtt/m/n --> OT1/lmtt/m/n on input line 38.
)
(C:\Users\engma\AppData\Local\Programs\MiKTeX\tex/latex/amsmath\amsmath.sty
Package: amsmath 2025/07/09 v2.17z AMS math features
\@mathmargin=\skip51

For additional information on amsmath, use the `?' option.
(C:\Users\engma\AppData\Local\Programs\MiKTeX\tex/latex/amsmath\amstext.sty
Package: amstext 2024/11/17 v2.01 AMS text

(C:\Users\engma\AppData\Local\Programs\MiKTeX\tex/latex/amsmath\amsgen.sty
File: amsgen.sty 1999/11/30 v2.0 generic functions
\@emptytoks=\toks19
\ex@=\dimen151
))
(C:\Users\engma\AppData\Local\Programs\MiKTeX\tex/latex/amsmath\amsbsy.sty
Package: amsbsy 1999/11/29 v1.2d Bold Symbols
\pmbraise@=\dimen152
)
(C:\Users\engma\AppData\Local\Programs\MiKTeX\tex/latex/amsmath\amsopn.sty
Package: amsopn 2022/04/08 v2.04 operator names
)
\inf@bad=\count284
LaTeX Info: Redefining \frac on input line 233.
\uproot@=\count285
\leftroot@=\count286
LaTeX Info: Redefining \overline on input line 398.
LaTeX Info: Redefining \colon on input line 409.
\classnum@=\count287
\DOTSCASE@=\count288
LaTeX Info: Redefining \ldots on input line 495.
LaTeX Info: Redefining \dots on input line 498.
LaTeX Info: Redefining \cdots on input line 619.
\Mathstrutbox@=\box53
\strutbox@=\box54
LaTeX Info: Redefining \big on input line 721.
LaTeX Info: Redefining \Big on input line 722.
LaTeX Info: Redefining \bigg on input line 723.
LaTeX Info: Redefining \Bigg on input line 724.
\big@size=\dimen153
LaTeX Font Info:    Redeclaring font encoding OML on input line 742.
LaTeX Font Info:    Redeclaring font encoding OMS on input line 743.
\macc@depth=\count289
LaTeX Info: Redefining \bmod on input line 904.
LaTeX Info: Redefining \pmod on input line 909.
LaTeX Info: Redefining \smash on input line 939.
LaTeX Info: Redefining \relbar on input line 969.
LaTeX Info: Redefining \Relbar on input line 970.
\c@MaxMatrixCols=\count290
\dotsspace@=\muskip17
\c@parentequation=\count291
\dspbrk@lvl=\count292
\tag@help=\toks20
\row@=\count293
\column@=\count294
\maxfields@=\count295
\andhelp@=\toks21
\eqnshift@=\dimen154
\alignsep@=\dimen155
\tagshift@=\dimen156
\tagwidth@=\dimen157
\totwidth@=\dimen158
\lineht@=\dimen159
\@envbody=\toks22
\multlinegap=\skip52
\multlinetaggap=\skip53
\mathdisplay@stack=\toks23
LaTeX Info: Redefining \[ on input line 2950.
LaTeX Info: Redefining \] on input line 2951.
)
(C:\Users\engma\AppData\Local\Programs\MiKTeX\tex/latex/amsfonts\amssymb.sty
Package: amssymb 2013/01/14 v3.01 AMS font symbols

(C:\Users\engma\AppData\Local\Programs\MiKTeX\tex/latex/amsfonts\amsfonts.sty
Package: amsfonts 2013/01/14 v3.01 Basic AMSFonts support
\symAMSa=\mathgroup4
\symAMSb=\mathgroup5
LaTeX Font Info:    Redeclaring math symbol \hbar on input line 98.
LaTeX Font Info:    Overwriting math alphabet `\mathfrak' in version `bold'
(Font)                  U/euf/m/n --> U/euf/b/n on input line 106.
)) (C:\Users\engma\AppData\Local\Programs\MiKTeX\tex/latex/amscls\amsthm.sty
Package: amsthm 2020/05/29 v2.20.6
\thm@style=\toks24
\thm@bodyfont=\toks25
\thm@headfont=\toks26
\thm@notefont=\toks27
\thm@headpunct=\toks28
\thm@preskip=\skip54
\thm@postskip=\skip55
\thm@headsep=\skip56
\dth@everypar=\toks29
)
(C:\Users\engma\AppData\Local\Programs\MiKTeX\tex/latex/graphics\graphicx.sty
Package: graphicx 2024/12/31 v1.2e Enhanced LaTeX Graphics (DPC,SPQR)

(C:\Users\engma\AppData\Local\Programs\MiKTeX\tex/latex/graphics\keyval.sty
Package: keyval 2022/05/29 v1.15 key=value parser (DPC)
\KV@toks@=\toks30
)
(C:\Users\engma\AppData\Local\Programs\MiKTeX\tex/latex/graphics\graphics.sty
Package: graphics 2024/08/06 v1.4g Standard LaTeX Graphics (DPC,SPQR)

(C:\Users\engma\AppData\Local\Programs\MiKTeX\tex/latex/graphics\trig.sty
Package: trig 2023/12/02 v1.11 sin cos tan (DPC)
)
(C:\Users\engma\AppData\Local\Programs\MiKTeX\tex/latex/graphics-cfg\graphics.c
fg
File: graphics.cfg 2016/06/04 v1.11 sample graphics configuration
)
Package graphics Info: Driver file: pdftex.def on input line 106.

(C:\Users\engma\AppData\Local\Programs\MiKTeX\tex/latex/graphics-def\pdftex.def
File: pdftex.def 2025/09/29 v1.2d Graphics/color driver for pdftex
))
\Gin@req@height=\dimen160
\Gin@req@width=\dimen161
)
(C:\Users\engma\AppData\Local\Programs\MiKTeX\tex/latex/hyperref\hyperref.sty
Package: hyperref 2026-01-29 v7.01p Hypertext links for LaTeX

(C:\Users\engma\AppData\Local\Programs\MiKTeX\tex/generic/iftex\iftex.sty
Package: iftex 2024/12/12 v1.0g TeX engine tests
)
(C:\Users\engma\AppData\Local\Programs\MiKTeX\tex/latex/kvsetkeys\kvsetkeys.sty
Package: kvsetkeys 2022-10-05 v1.19 Key value parser (HO)
)
(C:\Users\engma\AppData\Local\Programs\MiKTeX\tex/generic/kvdefinekeys\kvdefine
keys.sty
Package: kvdefinekeys 2019-12-19 v1.6 Define keys (HO)
)
(C:\Users\engma\AppData\Local\Programs\MiKTeX\tex/generic/pdfescape\pdfescape.s
ty
Package: pdfescape 2019/12/09 v1.15 Implements pdfTeX's escape features (HO)

(C:\Users\engma\AppData\Local\Programs\MiKTeX\tex/generic/ltxcmds\ltxcmds.sty
Package: ltxcmds 2023-12-04 v1.26 LaTeX kernel commands for general use (HO)
)
(C:\Users\engma\AppData\Local\Programs\MiKTeX\tex/generic/pdftexcmds\pdftexcmds
.sty
Package: pdftexcmds 2020-06-27 v0.33 Utility functions of pdfTeX for LuaTeX (HO
)

(C:\Users\engma\AppData\Local\Programs\MiKTeX\tex/generic/infwarerr\infwarerr.s
ty
Package: infwarerr 2019/12/03 v1.5 Providing info/warning/error messages (HO)
)
Package pdftexcmds Info: \pdf@primitive is available.
Package pdftexcmds Info: \pdf@ifprimitive is available.
Package pdftexcmds Info: \pdfdraftmode found.
))
(C:\Users\engma\AppData\Local\Programs\MiKTeX\tex/latex/hycolor\hycolor.sty
Package: hycolor 2020-01-27 v1.10 Color options for hyperref/bookmark (HO)
)
(C:\Users\engma\AppData\Local\Programs\MiKTeX\tex/latex/hyperref\nameref.sty
Package: nameref 2026-01-29 v2.58 Cross-referencing by name of section

(C:\Users\engma\AppData\Local\Programs\MiKTeX\tex/latex/refcount\refcount.sty
Package: refcount 2019/12/15 v3.6 Data extraction from label references (HO)
)
(C:\Users\engma\AppData\Local\Programs\MiKTeX\tex/generic/gettitlestring\gettit
lestring.sty
Package: gettitlestring 2019/12/15 v1.6 Cleanup title references (HO)

(C:\Users\engma\AppData\Local\Programs\MiKTeX\tex/latex/kvoptions\kvoptions.sty
Package: kvoptions 2022-06-15 v3.15 Key value format for package options (HO)
))
\c@section@level=\count296
)
(C:\Users\engma\AppData\Local\Programs\MiKTeX\tex/latex/etoolbox\etoolbox.sty
Package: etoolbox 2025/10/02 v2.5m e-TeX tools for LaTeX (JAW)
\etb@tempcnta=\count297
)
(C:\Users\engma\AppData\Local\Programs\MiKTeX\tex/generic/stringenc\stringenc.s
ty
Package: stringenc 2019/11/29 v1.12 Convert strings between diff. encodings (HO
)
)
\@linkdim=\dimen162
\Hy@linkcounter=\count298
\Hy@pagecounter=\count299
 (C:\Users\engma\AppData\Local\Programs\MiKTeX\tex/latex/hyperref\pd1enc.def
File: pd1enc.def 2026-01-29 v7.01p Hyperref: PDFDocEncoding definition (HO)
Now handling font encoding PD1 ...
... no UTF-8 mapping file for font encoding PD1
) (C:\Users\engma\AppData\Local\Programs\MiKTeX\tex/generic/intcalc\intcalc.sty
Package: intcalc 2019/12/15 v1.3 Expandable calculations with integers (HO)
)
\Hy@SavedSpaceFactor=\count300
 (C:\Users\engma\AppData\Local\Programs\MiKTeX\tex/latex/hyperref\puenc.def
File: puenc.def 2026-01-29 v7.01p Hyperref: PDF Unicode definition (HO)
Now handling font encoding PU ...
... no UTF-8 mapping file for font encoding PU
)
Package hyperref Info: Option `colorlinks' set `true' on input line 4072.
Package hyperref Info: Hyper figures OFF on input line 4201.
Package hyperref Info: Link nesting OFF on input line 4206.
Package hyperref Info: Hyper index ON on input line 4209.
Package hyperref Info: Plain pages OFF on input line 4216.
Package hyperref Info: Backreferencing OFF on input line 4221.
Package hyperref Info: Implicit mode ON; LaTeX internals redefined.
Package hyperref Info: Bookmarks ON on input line 4468.
\c@Hy@tempcnt=\count301

(C:\Users\engma\AppData\Local\Programs\MiKTeX\tex/latex/url\url.sty
\Urlmuskip=\muskip18
Package: url 2013/09/16  ver 3.4  Verb mode for urls, etc.
)
LaTeX Info: Redefining \url on input line 4807.
\XeTeXLinkMargin=\dimen163

(C:\Users\engma\AppData\Local\Programs\MiKTeX\tex/generic/bitset\bitset.sty
Package: bitset 2019/12/09 v1.3 Handle bit-vector datatype (HO)

(C:\Users\engma\AppData\Local\Programs\MiKTeX\tex/generic/bigintcalc\bigintcalc
.sty
Package: bigintcalc 2019/12/15 v1.5 Expandable calculations on big integers (HO
)
))
\Fld@menulength=\count302
\Field@Width=\dimen164
\Fld@charsize=\dimen165
Package hyperref Info: Hyper figures OFF on input line 6084.
Package hyperref Info: Link nesting OFF on input line 6089.
Package hyperref Info: Hyper index ON on input line 6092.
Package hyperref Info: backreferencing OFF on input line 6099.
Package hyperref Info: Link coloring ON on input line 6102.
Package hyperref Info: Link coloring with OCG OFF on input line 6109.
Package hyperref Info: PDF/A mode OFF on input line 6114.
\Hy@abspage=\count303
\c@Item=\count304
\c@Hfootnote=\count305
)
Package hyperref Info: Driver (autodetected): hpdftex.

(C:\Users\engma\AppData\Local\Programs\MiKTeX\tex/latex/hyperref\hpdftex.def
File: hpdftex.def 2026-01-29 v7.01p Hyperref driver for pdfTeX
\Fld@listcount=\count306
\c@bookmark@seq@number=\count307

(C:\Users\engma\AppData\Local\Programs\MiKTeX\tex/latex/rerunfilecheck\rerunfil
echeck.sty
Package: rerunfilecheck 2025-06-21 v1.11 Rerun checks for auxiliary files (HO)

(C:\Users\engma\AppData\Local\Programs\MiKTeX\tex/generic/uniquecounter\uniquec
ounter.sty
Package: uniquecounter 2019/12/15 v1.4 Provide unlimited unique counter (HO)
)
Package uniquecounter Info: New unique counter `rerunfilecheck' on input line 2
84.
)
\Hy@SectionHShift=\skip57
)
(C:\Users\engma\AppData\Local\Programs\MiKTeX\tex/latex/geometry\geometry.sty
Package: geometry 2026/03/07 v6.0 Page Geometry

(C:\Users\engma\AppData\Local\Programs\MiKTeX\tex/generic/iftex\ifvtex.sty
Package: ifvtex 2019/10/25 v1.7 ifvtex legacy package. Use iftex instead.
)
\Gm@cnth=\count308
\Gm@cntv=\count309
\c@Gm@tempcnt=\count310
\Gm@bindingoffset=\dimen166
\Gm@wd@mp=\dimen167
\Gm@odd@mp=\dimen168
\Gm@even@mp=\dimen169
\Gm@layoutwidth=\dimen170
\Gm@layoutheight=\dimen171
\Gm@layouthoffset=\dimen172
\Gm@layoutvoffset=\dimen173
\Gm@dimlist=\toks31

(C:\Users\engma\AppData\Local\Programs\MiKTeX\tex/latex/geometry\geometry.cfg))
(C:\Users\engma\AppData\Local\Programs\MiKTeX\tex/latex/booktabs\booktabs.sty
Package: booktabs 2020/01/12 v1.61803398 Publication quality tables
\heavyrulewidth=\dimen174
\lightrulewidth=\dimen175
\cmidrulewidth=\dimen176
\belowrulesep=\dimen177
\belowbottomsep=\dimen178
\aboverulesep=\dimen179
\abovetopsep=\dimen180
\cmidrulesep=\dimen181
\cmidrulekern=\dimen182
\defaultaddspace=\dimen183
\@cmidla=\count311
\@cmidlb=\count312
\@aboverulesep=\dimen184
\@belowrulesep=\dimen185
\@thisruleclass=\count313
\@lastruleclass=\count314
\@thisrulewidth=\dimen186
)
(C:\Users\engma\AppData\Local\Programs\MiKTeX\tex/latex/tcolorbox\tcolorbox.sty
Package: tcolorbox 2025/11/28 version 6.9.0 text color boxes

(C:\Users\engma\AppData\Local\Programs\MiKTeX\tex/latex/pgf/frontendlayer\tikz.
sty
(C:\Users\engma\AppData\Local\Programs\MiKTeX\tex/latex/pgf/basiclayer\pgf.sty
(C:\Users\engma\AppData\Local\Programs\MiKTeX\tex/latex/pgf/utilities\pgfrcs.st
y
(C:\Users\engma\AppData\Local\Programs\MiKTeX\tex/generic/pgf/utilities\pgfutil
-common.tex
\pgfutil@everybye=\toks32
\pgfutil@tempdima=\dimen187
\pgfutil@tempdimb=\dimen188
)
(C:\Users\engma\AppData\Local\Programs\MiKTeX\tex/generic/pgf/utilities\pgfutil
-latex.def
\pgfutil@abb=\box55
)
(C:\Users\engma\AppData\Local\Programs\MiKTeX\tex/generic/pgf/utilities\pgfrcs.
code.tex
(C:\Users\engma\AppData\Local\Programs\MiKTeX\tex/generic/pgf\pgf.revision.tex)
Package: pgfrcs 2025-08-29 v3.1.11a (3.1.11a)
))
Package: pgf 2025-08-29 v3.1.11a (3.1.11a)

(C:\Users\engma\AppData\Local\Programs\MiKTeX\tex/latex/pgf/basiclayer\pgfcore.
sty
(C:\Users\engma\AppData\Local\Programs\MiKTeX\tex/latex/pgf/systemlayer\pgfsys.
sty
(C:\Users\engma\AppData\Local\Programs\MiKTeX\tex/generic/pgf/systemlayer\pgfsy
s.code.tex
Package: pgfsys 2025-08-29 v3.1.11a (3.1.11a)

(C:\Users\engma\AppData\Local\Programs\MiKTeX\tex/generic/pgf/utilities\pgfkeys
.code.tex
\pgfkeys@pathtoks=\toks33
\pgfkeys@temptoks=\toks34

(C:\Users\engma\AppData\Local\Programs\MiKTeX\tex/generic/pgf/utilities\pgfkeys
libraryfiltered.code.tex
\pgfkeys@tmptoks=\toks35
))
\pgf@x=\dimen189
\pgf@y=\dimen190
\pgf@xa=\dimen191
\pgf@ya=\dimen192
\pgf@xb=\dimen193
\pgf@yb=\dimen194
\pgf@xc=\dimen195
\pgf@yc=\dimen196
\pgf@xd=\dimen197
\pgf@yd=\dimen198
\w@pgf@writea=\write3
\r@pgf@reada=\read2
\c@pgf@counta=\count315
\c@pgf@countb=\count316
\c@pgf@countc=\count317
\c@pgf@countd=\count318
\t@pgf@toka=\toks36
\t@pgf@tokb=\toks37
\t@pgf@tokc=\toks38
\pgf@sys@id@count=\count319

(C:\Users\engma\AppData\Local\Programs\MiKTeX\tex/generic/pgf/systemlayer\pgf.c
fg
File: pgf.cfg 2025-08-29 v3.1.11a (3.1.11a)
)
Driver file for pgf: pgfsys-pdftex.def

(C:\Users\engma\AppData\Local\Programs\MiKTeX\tex/generic/pgf/systemlayer\pgfsy
s-pdftex.def
File: pgfsys-pdftex.def 2025-08-29 v3.1.11a (3.1.11a)

(C:\Users\engma\AppData\Local\Programs\MiKTeX\tex/generic/pgf/systemlayer\pgfsy
s-common-pdf.def
File: pgfsys-common-pdf.def 2025-08-29 v3.1.11a (3.1.11a)
)))
(C:\Users\engma\AppData\Local\Programs\MiKTeX\tex/generic/pgf/systemlayer\pgfsy
ssoftpath.code.tex
File: pgfsyssoftpath.code.tex 2025-08-29 v3.1.11a (3.1.11a)
\pgfsyssoftpath@smallbuffer@items=\count320
\pgfsyssoftpath@bigbuffer@items=\count321
)
(C:\Users\engma\AppData\Local\Programs\MiKTeX\tex/generic/pgf/systemlayer\pgfsy
sprotocol.code.tex
File: pgfsysprotocol.code.tex 2025-08-29 v3.1.11a (3.1.11a)
))
(C:\Users\engma\AppData\Local\Programs\MiKTeX\tex/latex/xcolor\xcolor.sty
Package: xcolor 2024/09/29 v3.02 LaTeX color extensions (UK)

(C:\Users\engma\AppData\Local\Programs\MiKTeX\tex/latex/graphics-cfg\color.cfg
File: color.cfg 2016/01/02 v1.6 sample color configuration
)
Package xcolor Info: Driver file: pdftex.def on input line 274.
(C:\Users\engma\AppData\Local\Programs\MiKTeX\tex/latex/graphics\mathcolor.ltx)
Package xcolor Info: Model `cmy' substituted by `cmy0' on input line 1349.
Package xcolor Info: Model `hsb' substituted by `rgb' on input line 1353.
Package xcolor Info: Model `RGB' extended on input line 1365.
Package xcolor Info: Model `HTML' substituted by `rgb' on input line 1367.
Package xcolor Info: Model `Hsb' substituted by `hsb' on input line 1368.
Package xcolor Info: Model `tHsb' substituted by `hsb' on input line 1369.
Package xcolor Info: Model `HSB' substituted by `hsb' on input line 1370.
Package xcolor Info: Model `Gray' substituted by `gray' on input line 1371.
Package xcolor Info: Model `wave' substituted by `hsb' on input line 1372.
)
(C:\Users\engma\AppData\Local\Programs\MiKTeX\tex/generic/pgf/basiclayer\pgfcor
e.code.tex
Package: pgfcore 2025-08-29 v3.1.11a (3.1.11a)

(C:\Users\engma\AppData\Local\Programs\MiKTeX\tex/generic/pgf/math\pgfmath.code
.tex
(C:\Users\engma\AppData\Local\Programs\MiKTeX\tex/generic/pgf/math\pgfmathutil.
code.tex)
(C:\Users\engma\AppData\Local\Programs\MiKTeX\tex/generic/pgf/math\pgfmathparse
r.code.tex
\pgfmath@dimen=\dimen199
\pgfmath@count=\count322
\pgfmath@box=\box56
\pgfmath@toks=\toks39
\pgfmath@stack@operand=\toks40
\pgfmath@stack@operation=\toks41
)
(C:\Users\engma\AppData\Local\Programs\MiKTeX\tex/generic/pgf/math\pgfmathfunct
ions.code.tex)
(C:\Users\engma\AppData\Local\Programs\MiKTeX\tex/generic/pgf/math\pgfmathfunct
ions.basic.code.tex)
(C:\Users\engma\AppData\Local\Programs\MiKTeX\tex/generic/pgf/math\pgfmathfunct
ions.trigonometric.code.tex)
(C:\Users\engma\AppData\Local\Programs\MiKTeX\tex/generic/pgf/math\pgfmathfunct
ions.random.code.tex)
(C:\Users\engma\AppData\Local\Programs\MiKTeX\tex/generic/pgf/math\pgfmathfunct
ions.comparison.code.tex)
(C:\Users\engma\AppData\Local\Programs\MiKTeX\tex/generic/pgf/math\pgfmathfunct
ions.base.code.tex)
(C:\Users\engma\AppData\Local\Programs\MiKTeX\tex/generic/pgf/math\pgfmathfunct
ions.round.code.tex)
(C:\Users\engma\AppData\Local\Programs\MiKTeX\tex/generic/pgf/math\pgfmathfunct
ions.misc.code.tex)
(C:\Users\engma\AppData\Local\Programs\MiKTeX\tex/generic/pgf/math\pgfmathfunct
ions.integerarithmetics.code.tex)
(C:\Users\engma\AppData\Local\Programs\MiKTeX\tex/generic/pgf/math\pgfmathcalc.
code.tex)
(C:\Users\engma\AppData\Local\Programs\MiKTeX\tex/generic/pgf/math\pgfmathfloat
.code.tex
\c@pgfmathroundto@lastzeros=\count323
))
(C:\Users\engma\AppData\Local\Programs\MiKTeX\tex/generic/pgf/math\pgfint.code.
tex)
(C:\Users\engma\AppData\Local\Programs\MiKTeX\tex/generic/pgf/basiclayer\pgfcor
epoints.code.tex
File: pgfcorepoints.code.tex 2025-08-29 v3.1.11a (3.1.11a)
\pgf@picminx=\dimen256
\pgf@picmaxx=\dimen257
\pgf@picminy=\dimen258
\pgf@picmaxy=\dimen259
\pgf@pathminx=\dimen260
\pgf@pathmaxx=\dimen261
\pgf@pathminy=\dimen262
\pgf@pathmaxy=\dimen263
\pgf@xx=\dimen264
\pgf@xy=\dimen265
\pgf@yx=\dimen266
\pgf@yy=\dimen267
\pgf@zx=\dimen268
\pgf@zy=\dimen269
)
(C:\Users\engma\AppData\Local\Programs\MiKTeX\tex/generic/pgf/basiclayer\pgfcor
epathconstruct.code.tex
File: pgfcorepathconstruct.code.tex 2025-08-29 v3.1.11a (3.1.11a)
\pgf@path@lastx=\dimen270
\pgf@path@lasty=\dimen271
)
(C:\Users\engma\AppData\Local\Programs\MiKTeX\tex/generic/pgf/basiclayer\pgfcor
epathusage.code.tex
File: pgfcorepathusage.code.tex 2025-08-29 v3.1.11a (3.1.11a)
\pgf@shorten@end@additional=\dimen272
\pgf@shorten@start@additional=\dimen273
)
(C:\Users\engma\AppData\Local\Programs\MiKTeX\tex/generic/pgf/basiclayer\pgfcor
escopes.code.tex
File: pgfcorescopes.code.tex 2025-08-29 v3.1.11a (3.1.11a)
\pgfpic=\box57
\pgf@hbox=\box58
\pgf@layerbox@main=\box59
\pgf@picture@serial@count=\count324
)
(C:\Users\engma\AppData\Local\Programs\MiKTeX\tex/generic/pgf/basiclayer\pgfcor
egraphicstate.code.tex
File: pgfcoregraphicstate.code.tex 2025-08-29 v3.1.11a (3.1.11a)
\pgflinewidth=\dimen274
)
(C:\Users\engma\AppData\Local\Programs\MiKTeX\tex/generic/pgf/basiclayer\pgfcor
etransformations.code.tex
File: pgfcoretransformations.code.tex 2025-08-29 v3.1.11a (3.1.11a)
\pgf@pt@x=\dimen275
\pgf@pt@y=\dimen276
\pgf@pt@temp=\dimen277
)
(C:\Users\engma\AppData\Local\Programs\MiKTeX\tex/generic/pgf/basiclayer\pgfcor
equick.code.tex
File: pgfcorequick.code.tex 2025-08-29 v3.1.11a (3.1.11a)
)
(C:\Users\engma\AppData\Local\Programs\MiKTeX\tex/generic/pgf/basiclayer\pgfcor
eobjects.code.tex
File: pgfcoreobjects.code.tex 2025-08-29 v3.1.11a (3.1.11a)
)
(C:\Users\engma\AppData\Local\Programs\MiKTeX\tex/generic/pgf/basiclayer\pgfcor
epathprocessing.code.tex
File: pgfcorepathprocessing.code.tex 2025-08-29 v3.1.11a (3.1.11a)
)
(C:\Users\engma\AppData\Local\Programs\MiKTeX\tex/generic/pgf/basiclayer\pgfcor
earrows.code.tex
File: pgfcorearrows.code.tex 2025-08-29 v3.1.11a (3.1.11a)
\pgfarrowsep=\dimen278
)
(C:\Users\engma\AppData\Local\Programs\MiKTeX\tex/generic/pgf/basiclayer\pgfcor
eshade.code.tex
File: pgfcoreshade.code.tex 2025-08-29 v3.1.11a (3.1.11a)
\pgf@max=\dimen279
\pgf@sys@shading@range@num=\count325
\pgf@shadingcount=\count326
)
(C:\Users\engma\AppData\Local\Programs\MiKTeX\tex/generic/pgf/basiclayer\pgfcor
eimage.code.tex
File: pgfcoreimage.code.tex 2025-08-29 v3.1.11a (3.1.11a)
)
(C:\Users\engma\AppData\Local\Programs\MiKTeX\tex/generic/pgf/basiclayer\pgfcor
eexternal.code.tex
File: pgfcoreexternal.code.tex 2025-08-29 v3.1.11a (3.1.11a)
\pgfexternal@startupbox=\box60
)
(C:\Users\engma\AppData\Local\Programs\MiKTeX\tex/generic/pgf/basiclayer\pgfcor
elayers.code.tex
File: pgfcorelayers.code.tex 2025-08-29 v3.1.11a (3.1.11a)
)
(C:\Users\engma\AppData\Local\Programs\MiKTeX\tex/generic/pgf/basiclayer\pgfcor
etransparency.code.tex
File: pgfcoretransparency.code.tex 2025-08-29 v3.1.11a (3.1.11a)
)
(C:\Users\engma\AppData\Local\Programs\MiKTeX\tex/generic/pgf/basiclayer\pgfcor
epatterns.code.tex
File: pgfcorepatterns.code.tex 2025-08-29 v3.1.11a (3.1.11a)
)
(C:\Users\engma\AppData\Local\Programs\MiKTeX\tex/generic/pgf/basiclayer\pgfcor
erdf.code.tex
File: pgfcorerdf.code.tex 2025-08-29 v3.1.11a (3.1.11a)
)))
(C:\Users\engma\AppData\Local\Programs\MiKTeX\tex/generic/pgf/modules\pgfmodule
shapes.code.tex
File: pgfmoduleshapes.code.tex 2025-08-29 v3.1.11a (3.1.11a)
\pgfnodeparttextbox=\box61
)
(C:\Users\engma\AppData\Local\Programs\MiKTeX\tex/generic/pgf/modules\pgfmodule
plot.code.tex
File: pgfmoduleplot.code.tex 2025-08-29 v3.1.11a (3.1.11a)
)
(C:\Users\engma\AppData\Local\Programs\MiKTeX\tex/latex/pgf/compatibility\pgfco
mp-version-0-65.sty
Package: pgfcomp-version-0-65 2025-08-29 v3.1.11a (3.1.11a)
\pgf@nodesepstart=\dimen280
\pgf@nodesepend=\dimen281
)
(C:\Users\engma\AppData\Local\Programs\MiKTeX\tex/latex/pgf/compatibility\pgfco
mp-version-1-18.sty
Package: pgfcomp-version-1-18 2025-08-29 v3.1.11a (3.1.11a)
))
(C:\Users\engma\AppData\Local\Programs\MiKTeX\tex/latex/pgf/utilities\pgffor.st
y
(C:\Users\engma\AppData\Local\Programs\MiKTeX\tex/latex/pgf/utilities\pgfkeys.s
ty
(C:\Users\engma\AppData\Local\Programs\MiKTeX\tex/generic/pgf/utilities\pgfkeys
.code.tex))
(C:\Users\engma\AppData\Local\Programs\MiKTeX\tex/latex/pgf/math\pgfmath.sty
(C:\Users\engma\AppData\Local\Programs\MiKTeX\tex/generic/pgf/math\pgfmath.code
.tex))
(C:\Users\engma\AppData\Local\Programs\MiKTeX\tex/generic/pgf/utilities\pgffor.
code.tex
Package: pgffor 2025-08-29 v3.1.11a (3.1.11a)
\pgffor@iter=\dimen282
\pgffor@skip=\dimen283
\pgffor@stack=\toks42
\pgffor@toks=\toks43
))
(C:\Users\engma\AppData\Local\Programs\MiKTeX\tex/generic/pgf/frontendlayer/tik
z\tikz.code.tex
Package: tikz 2025-08-29 v3.1.11a (3.1.11a)

(C:\Users\engma\AppData\Local\Programs\MiKTeX\tex/generic/pgf/libraries\pgflibr
aryplothandlers.code.tex
File: pgflibraryplothandlers.code.tex 2025-08-29 v3.1.11a (3.1.11a)
\pgf@plot@mark@count=\count327
\pgfplotmarksize=\dimen284
)
\tikz@lastx=\dimen285
\tikz@lasty=\dimen286
\tikz@lastxsaved=\dimen287
\tikz@lastysaved=\dimen288
\tikz@lastmovetox=\dimen289
\tikz@lastmovetoy=\dimen290
\tikzleveldistance=\dimen291
\tikzsiblingdistance=\dimen292
\tikz@figbox=\box62
\tikz@figbox@bg=\box63
\tikz@tempbox=\box64
\tikz@tempbox@bg=\box65
\tikztreelevel=\count328
\tikznumberofchildren=\count329
\tikznumberofcurrentchild=\count330
\tikz@fig@count=\count331

(C:\Users\engma\AppData\Local\Programs\MiKTeX\tex/generic/pgf/modules\pgfmodule
matrix.code.tex
File: pgfmodulematrix.code.tex 2025-08-29 v3.1.11a (3.1.11a)
\pgfmatrixcurrentrow=\count332
\pgfmatrixcurrentcolumn=\count333
\pgf@matrix@numberofcolumns=\count334
)
\tikz@expandcount=\count335

(C:\Users\engma\AppData\Local\Programs\MiKTeX\tex/generic/pgf/frontendlayer/tik
z/libraries\tikzlibrarytopaths.code.tex
File: tikzlibrarytopaths.code.tex 2025-08-29 v3.1.11a (3.1.11a)
)))
(C:\Users\engma\AppData\Local\Programs\MiKTeX\tex/latex/tools\verbatim.sty
Package: verbatim 2024-01-22 v1.5x LaTeX2e package for verbatim enhancements
\every@verbatim=\toks44
\verbatim@line=\toks45
\verbatim@in@stream=\read3
)
(C:\Users\engma\AppData\Local\Programs\MiKTeX\tex/latex/environ\environ.sty
Package: environ 2014/05/04 v0.3 A new way to define environments

(C:\Users\engma\AppData\Local\Programs\MiKTeX\tex/latex/trimspaces\trimspaces.s
ty
Package: trimspaces 2009/09/17 v1.1 Trim spaces around a token list
))
\tcb@titlebox=\box66
\tcb@upperbox=\box67
\tcb@lowerbox=\box68
\tcb@phantombox=\box69
\c@tcbbreakpart=\count336
\c@tcblayer=\count337
\c@tcolorbox@number=\count338
\l__tcobox_tmpa_box=\box70
\l__tcobox_tmpa_dim=\dimen293
\tcb@temp=\box71
\tcb@temp=\box72
\tcb@temp=\box73
\tcb@temp=\box74
) (C:\Users\engma\AppData\Local\Programs\MiKTeX\tex/latex/float\float.sty
Package: float 2001/11/08 v1.3d Float enhancements (AL)
\c@float@type=\count339
\float@exts=\toks46
\float@box=\box75
\@float@everytoks=\toks47
\@floatcapt=\box76
)
(C:\Users\engma\AppData\Local\Programs\MiKTeX\tex/latex/microtype\microtype.sty
Package: microtype 2026/03/01 v3.2d Micro-typographical refinements (RS)
\MT@toks=\toks48
\MT@tempbox=\box77
\MT@count=\count340
LaTeX Info: Redefining \noprotrusionifhmode on input line 1084.
LaTeX Info: Redefining \leftprotrusion on input line 1085.
\MT@prot@toks=\toks49
LaTeX Info: Redefining \rightprotrusion on input line 1104.
LaTeX Info: Redefining \textls on input line 1449.
\MT@outer@kern=\dimen294
LaTeX Info: Redefining \microtypecontext on input line 2053.
LaTeX Info: Redefining \textmicrotypecontext on input line 2070.
\MT@listname@count=\count341

(C:\Users\engma\AppData\Local\Programs\MiKTeX\tex/latex/microtype\microtype-pdf
tex.def
File: microtype-pdftex.def 2026/03/01 v3.2d Definitions specific to pdftex (RS)

LaTeX Info: Redefining \lsstyle on input line 944.
LaTeX Info: Redefining \lslig on input line 944.
\MT@outer@space=\skip58
)
Package microtype Info: Loading configuration file microtype.cfg.

(C:\Users\engma\AppData\Local\Programs\MiKTeX\tex/latex/microtype\microtype.cfg
File: microtype.cfg 2026/03/01 v3.2d microtype main configuration file (RS)
)
LaTeX Info: Redefining \microtypesetup on input line 3065.
)
(C:\Users\engma\AppData\Local\Programs\MiKTeX\tex/latex/fancyhdr\fancyhdr.sty
Package: fancyhdr 2025/02/07 v5.2 Extensive control of page headers and footers

\f@nch@headwidth=\skip59
\f@nch@offset@elh=\skip60
\f@nch@offset@erh=\skip61
\f@nch@offset@olh=\skip62
\f@nch@offset@orh=\skip63
\f@nch@offset@elf=\skip64
\f@nch@offset@erf=\skip65
\f@nch@offset@olf=\skip66
\f@nch@offset@orf=\skip67
\f@nch@height=\skip68
\f@nch@footalignment=\skip69
\f@nch@widthL=\skip70
\f@nch@widthC=\skip71
\f@nch@widthR=\skip72
\@temptokenb=\toks50
)
LaTeX Font Info:    Trying to load font information for T1+lmr on input line 86
.

(C:\Users\engma\AppData\Local\Programs\MiKTeX\tex/latex/lm\t1lmr.fd
File: t1lmr.fd 2015/05/01 v1.6.1 Font defs for Latin Modern
)
(C:\Users\engma\AppData\Local\Programs\MiKTeX\tex/latex/l3backend\l3backend-pdf
tex.def
File: l3backend-pdftex.def 2026-02-18 L3 backend support: PDF output (pdfTeX)
\l__color_backend_stack_int=\count342
) (main.aux

LaTeX Warning: Label `fig:politopo' multiply defined.

)
\openout1 = `main.aux'.

LaTeX Font Info:    Checking defaults for OML/cmm/m/it on input line 86.
LaTeX Font Info:    ... okay on input line 86.
LaTeX Font Info:    Checking defaults for OMS/cmsy/m/n on input line 86.
LaTeX Font Info:    ... okay on input line 86.
LaTeX Font Info:    Checking defaults for OT1/cmr/m/n on input line 86.
LaTeX Font Info:    ... okay on input line 86.
LaTeX Font Info:    Checking defaults for T1/cmr/m/n on input line 86.
LaTeX Font Info:    ... okay on input line 86.
LaTeX Font Info:    Checking defaults for TS1/cmr/m/n on input line 86.
LaTeX Font Info:    ... okay on input line 86.
LaTeX Font Info:    Checking defaults for OMX/cmex/m/n on input line 86.
LaTeX Font Info:    ... okay on input line 86.
LaTeX Font Info:    Checking defaults for U/cmr/m/n on input line 86.
LaTeX Font Info:    ... okay on input line 86.
LaTeX Font Info:    Checking defaults for PD1/pdf/m/n on input line 86.
LaTeX Font Info:    ... okay on input line 86.
LaTeX Font Info:    Checking defaults for PU/pdf/m/n on input line 86.
LaTeX Font Info:    ... okay on input line 86.

(C:\Users\engma\AppData\Local\Programs\MiKTeX\tex/context/base/mkii\supp-pdf.mk
ii
[Loading MPS to PDF converter (version 2006.09.02).]
\scratchcounter=\count343
\scratchdimen=\dimen295
\scratchbox=\box78
\nofMPsegments=\count344
\nofMParguments=\count345
\everyMPshowfont=\toks51
\MPscratchCnt=\count346
\MPscratchDim=\dimen296
\MPnumerator=\count347
\makeMPintoPDFobject=\count348
\everyMPtoPDFconversion=\toks52
)
(C:\Users\engma\AppData\Local\Programs\MiKTeX\tex/latex/epstopdf-pkg\epstopdf-b
ase.sty
Package: epstopdf-base 2020-01-24 v2.11 Base part for package epstopdf
Package epstopdf-base Info: Redefining graphics rule for `.eps' on input line 4
85.

(C:\Users\engma\AppData\Local\Programs\MiKTeX\tex/latex/00miktex\epstopdf-sys.c
fg
File: epstopdf-sys.cfg 2021/03/18 v2.0 Configuration of epstopdf for MiKTeX
))
Package hyperref Info: Link coloring ON on input line 86.
 (main.out) (main.out)
\@outlinefile=\write4
\openout4 = `main.out'.


*geometry* driver: auto-detecting
*geometry* detected driver: pdftex
*geometry* verbose mode - [ preamble ] result:
* driver: pdftex
* paper: a4paper
* layout: <same size as paper>
* layoutoffset:(h,v)=(0.0pt,0.0pt)
* modes: 
* h-part:(L,W,R)=(71.13188pt, 455.24408pt, 71.13191pt)
* v-part:(T,H,B)=(71.13188pt, 682.86613pt, 91.04883pt)
* \paperwidth=597.50787pt
* \paperheight=845.04684pt
* \textwidth=455.24408pt
* \textheight=682.86613pt
* \oddsidemargin=-1.1381pt
* \evensidemargin=-1.1381pt
* \topmargin=-33.0119pt
* \headheight=12.0pt
* \headsep=19.8738pt
* \topskip=11.0pt
* \footskip=27.46295pt
* \marginparwidth=62.0pt
* \marginparsep=7.0pt
* \columnsep=10.0pt
* \skip\footins=10.0pt plus 4.0pt minus 2.0pt
* \hoffset=0.0pt
* \voffset=0.0pt
* \mag=1000
* \@twocolumnfalse
* \@twosidefalse
* \@mparswitchfalse
* \@reversemarginfalse
* (1in=72.27pt=25.4mm, 1cm=28.453pt)

LaTeX Info: Redefining \microtypecontext on input line 86.
Package microtype Info: Applying patch `item' on input line 86.
Package microtype Info: Applying patch `toc' on input line 86.
Package microtype Info: Applying patch `eqnum' on input line 86.
Package microtype Info: Applying patch `footnote' on input line 86.
Package microtype Info: Applying patch `verbatim' on input line 86.
LaTeX Info: Redefining \microtypesetup on input line 86.
Package microtype Info: Generating PDF output.
Package microtype Info: Character protrusion enabled (level 2).
Package microtype Info: Using default protrusion set `alltext'.
Package microtype Info: Automatic font expansion enabled (level 2),
(microtype)             stretch: 20, shrink: 20, step: 1, non-selected.
Package microtype Info: Using default expansion set `alltext-nott'.
Package microtype Info: Patching command `\showhyphens'.
Package microtype Info: No adjustment of tracking.
Package microtype Info: No adjustment of interword spacing.
Package microtype Info: No adjustment of character kerning.
(C:\Users\engma\AppData\Local\Programs\MiKTeX\tex/latex/microtype\mt-cmr.cfg
File: mt-cmr.cfg 2013/05/19 v2.2 microtype config. file: Computer Modern Roman 
(RS)
)
<../images/sel.png, id=378, 443.6575pt x 351.3125pt>
File: ../images/sel.png Graphic file (type png)
<use ../images/sel.png>
Package pdftex.def Info: ../images/sel.png  used on input line 89.
(pdftex.def)             Requested size: 113.81102pt x 90.11687pt.
LaTeX Font Info:    Trying to load font information for OT1+lmr on input line 8
9.

(C:\Users\engma\AppData\Local\Programs\MiKTeX\tex/latex/lm\ot1lmr.fd
File: ot1lmr.fd 2015/05/01 v1.6.1 Font defs for Latin Modern
)
LaTeX Font Info:    Trying to load font information for OML+lmm on input line 8
9.

(C:\Users\engma\AppData\Local\Programs\MiKTeX\tex/latex/lm\omllmm.fd
File: omllmm.fd 2015/05/01 v1.6.1 Font defs for Latin Modern
)
LaTeX Font Info:    Trying to load font information for OMS+lmsy on input line 
89.

(C:\Users\engma\AppData\Local\Programs\MiKTeX\tex/latex/lm\omslmsy.fd
File: omslmsy.fd 2015/05/01 v1.6.1 Font defs for Latin Modern
)
LaTeX Font Info:    Trying to load font information for OMX+lmex on input line 
89.

(C:\Users\engma\AppData\Local\Programs\MiKTeX\tex/latex/lm\omxlmex.fd
File: omxlmex.fd 2015/05/01 v1.6.1 Font defs for Latin Modern
)
LaTeX Font Info:    External font `lmex10' loaded for size
(Font)              <12> on input line 89.
LaTeX Font Info:    External font `lmex10' loaded for size
(Font)              <8> on input line 89.
LaTeX Font Info:    External font `lmex10' loaded for size
(Font)              <6> on input line 89.
LaTeX Font Info:    Trying to load font information for U+msa on input line 89.


(C:\Users\engma\AppData\Local\Programs\MiKTeX\tex/latex/amsfonts\umsa.fd
File: umsa.fd 2013/01/14 v3.01 AMS symbols A
)
(C:\Users\engma\AppData\Local\Programs\MiKTeX\tex/latex/microtype\mt-msa.cfg
File: mt-msa.cfg 2006/02/04 v1.1 microtype config. file: AMS symbols (a) (RS)
)
LaTeX Font Info:    Trying to load font information for U+msb on input line 89.


(C:\Users\engma\AppData\Local\Programs\MiKTeX\tex/latex/amsfonts\umsb.fd
File: umsb.fd 2013/01/14 v3.01 AMS symbols B
)
(C:\Users\engma\AppData\Local\Programs\MiKTeX\tex/latex/microtype\mt-msb.cfg
File: mt-msb.cfg 2005/06/01 v1.0 microtype config. file: AMS symbols (b) (RS)
)
[1


{C:/Users/engma/AppData/Local/MiKTeX/fonts/map/pdftex/pdftex.map}{C:/Users/engm
a/AppData/Local/Programs/MiKTeX/fonts/enc/dvips/lm/lm-ec.enc} <../images/sel.pn
g>] (main.toc
LaTeX Font Info:    External font `lmex10' loaded for size
(Font)              <10.95> on input line 2.

pdfTeX warning (ext4): destination with the same identifier (name{page.1}) has 
been already used, duplicate ignored
<to be read again> 
                   \relax 
l.39 ...nalysis in Discrete-Time}{28}{section.4.3}
                                                  % [1

]

Package fancyhdr Warning: \headheight is too small (12.0pt): 
(fancyhdr)                Make it at least 13.59999pt, for example:
(fancyhdr)                \setlength{\headheight}{13.59999pt}.
(fancyhdr)                You might also make \topmargin smaller:
(fancyhdr)                \addtolength{\topmargin}{-1.59999pt}.

[2])
\tf@toc=\write5
\openout5 = `main.toc'.



Package fancyhdr Warning: \headheight is too small (12.0pt): 
(fancyhdr)                Make it at least 13.59999pt, for example:
(fancyhdr)                \setlength{\headheight}{13.59999pt}.
(fancyhdr)                You might also make \topmargin smaller:
(fancyhdr)                \addtolength{\topmargin}{-1.59999pt}.

[3] (chapter1.tex
Chapter 1.
LaTeX Font Info:    Trying to load font information for TS1+lmr on input line 6
.
(C:\Users\engma\AppData\Local\Programs\MiKTeX\tex/latex/lm\ts1lmr.fd
File: ts1lmr.fd 2015/05/01 v1.6.1 Font defs for Latin Modern
)
<../images/modelo_ss.png, id=495, 182.69856pt x 80.07516pt>
File: ../images/modelo_ss.png Graphic file (type png)
<use ../images/modelo_ss.png>
Package pdftex.def Info: ../images/modelo_ss.png  used on input line 33.
(pdftex.def)             Requested size: 256.0748pt x 112.24129pt.
 [4

{C:/Users/engma/AppData/Local/Programs/MiKTeX/fonts/enc/dvips/lm/lm-ts1.enc}{C:
/Users/engma/AppData/Local/Programs/MiKTeX/fonts/enc/dvips/lm/lm-mathit.enc}{C:
/Users/engma/AppData/Local/Programs/MiKTeX/fonts/enc/dvips/lm/lm-rm.enc}{C:/Use
rs/engma/AppData/Local/Programs/MiKTeX/fonts/enc/dvips/lm/lm-mathsy.enc}]
<../images/modelo_ss_discreto.png, id=510, 177.92874pt x 80.07516pt>
File: ../images/modelo_ss_discreto.png Graphic file (type png)
<use ../images/modelo_ss_discreto.png>
Package pdftex.def Info: ../images/modelo_ss_discreto.png  used on input line 4
9.
(pdftex.def)             Requested size: 256.0748pt x 115.25803pt.
<../images/pendulo_invertido.png, id=512, 120.40182pt x 144.10638pt>
File: ../images/pendulo_invertido.png Graphic file (type png)
<use ../images/pendulo_invertido.png>
Package pdftex.def Info: ../images/pendulo_invertido.png  used on input line 59
.
(pdftex.def)             Requested size: 142.26378pt x 170.28592pt.


Package fancyhdr Warning: \headheight is too small (12.0pt): 
(fancyhdr)                Make it at least 13.59999pt, for example:
(fancyhdr)                \setlength{\headheight}{13.59999pt}.
(fancyhdr)                You might also make \topmargin smaller:
(fancyhdr)                \addtolength{\topmargin}{-1.59999pt}.

[5
pdfTeX warning (ext4): destination with the same identifier (name{figure.1.1}) 
has been already used, duplicate ignored
<argument> ...shipout:D \box_use:N \l_shipout_box 
                                                  \__shipout_drop_firstpage_...
l.63 
     
pdfTeX warning (ext4): destination with the same identifier (name{figure.1.2}) 
has been already used, duplicate ignored
<argument> ...shipout:D \box_use:N \l_shipout_box 
                                                  \__shipout_drop_firstpage_...
l.63 
      <../images/modelo_ss.png> <../images/modelo_ss_discreto.png>]
<../images/linearizacao.png, id=526, 138.7584pt x 79.20792pt>
File: ../images/linearizacao.png Graphic file (type png)
<use ../images/linearizacao.png>
Package pdftex.def Info: ../images/linearizacao.png  used on input line 83.
(pdftex.def)             Requested size: 227.62204pt x 129.9417pt.


Package fancyhdr Warning: \headheight is too small (12.0pt): 
(fancyhdr)                Make it at least 13.59999pt, for example:
(fancyhdr)                \setlength{\headheight}{13.59999pt}.
(fancyhdr)                You might also make \topmargin smaller:
(fancyhdr)                \addtolength{\topmargin}{-1.59999pt}.

[6
pdfTeX warning (ext4): destination with the same identifier (name{figure.1.3}) 
has been already used, duplicate ignored
<argument> ...shipout:D \box_use:N \l_shipout_box 
                                                  \__shipout_drop_firstpage_...
l.96 \end{align}
                
pdfTeX warning (ext4): destination with the same identifier (name{figure.1.4}) 
has been already used, duplicate ignored
<argument> ...shipout:D \box_use:N \l_shipout_box 
                                                  \__shipout_drop_firstpage_...
l.96 \end{align}
                {C:/Users/engma/AppData/Local/Programs/MiKTeX/fonts/enc/dvips/l
m/lm-mathex.enc} <../images/pendulo_invertido.png> <../images/linearizacao.png>
]

Package fancyhdr Warning: \headheight is too small (12.0pt): 
(fancyhdr)                Make it at least 13.59999pt, for example:
(fancyhdr)                \setlength{\headheight}{13.59999pt}.
(fancyhdr)                You might also make \topmargin smaller:
(fancyhdr)                \addtolength{\topmargin}{-1.59999pt}.

[7]

Package fancyhdr Warning: \headheight is too small (12.0pt): 
(fancyhdr)                Make it at least 13.59999pt, for example:
(fancyhdr)                \setlength{\headheight}{13.59999pt}.
(fancyhdr)                You might also make \topmargin smaller:
(fancyhdr)                \addtolength{\topmargin}{-1.59999pt}.

[8]
<../images/19_dubious_way_exp.png, id=568, 551.05875pt x 470.50781pt>
File: ../images/19_dubious_way_exp.png Graphic file (type png)
<use ../images/19_dubious_way_exp.png>
Package pdftex.def Info: ../images/19_dubious_way_exp.png  used on input line 2
00.
(pdftex.def)             Requested size: 218.51521pt x 186.57724pt.
<../images/19_dubious_way_exp_25_years_later.png, id=569, 740.7675pt x 603.0028
pt>
File: ../images/19_dubious_way_exp_25_years_later.png Graphic file (type png)
<use ../images/19_dubious_way_exp_25_years_later.png>
Package pdftex.def Info: ../images/19_dubious_way_exp_25_years_later.png  used 
on input line 207.
(pdftex.def)             Requested size: 218.51521pt x 177.87508pt.


Package fancyhdr Warning: \headheight is too small (12.0pt): 
(fancyhdr)                Make it at least 13.59999pt, for example:
(fancyhdr)                \setlength{\headheight}{13.59999pt}.
(fancyhdr)                You might also make \topmargin smaller:
(fancyhdr)                \addtolength{\topmargin}{-1.59999pt}.

[9
pdfTeX warning (ext4): destination with the same identifier (name{figure.1.5}) 
has been already used, duplicate ignored
<argument> ...shipout:D \box_use:N \l_shipout_box 
                                                  \__shipout_drop_firstpage_...
l.222 \end{equation}
                    
pdfTeX warning (ext4): destination with the same identifier (name{figure.1.6}) 
has been already used, duplicate ignored
<argument> ...shipout:D \box_use:N \l_shipout_box 
                                                  \__shipout_drop_firstpage_...
l.222 \end{equation}
                    
pdfTeX warning (ext4): destination with the same identifier (name{figure.1.7}) 
has been already used, duplicate ignored
<argument> ...shipout:D \box_use:N \l_shipout_box 
                                                  \__shipout_drop_firstpage_...
l.222 \end{equation}
                     <../images/19_dubious_way_exp.png> <../images/19_dubious_w
ay_exp_25_years_later.png>]) (chapter2.tex

Package fancyhdr Warning: \headheight is too small (12.0pt): 
(fancyhdr)                Make it at least 13.59999pt, for example:
(fancyhdr)                \setlength{\headheight}{13.59999pt}.
(fancyhdr)                You might also make \topmargin smaller:
(fancyhdr)                \addtolength{\topmargin}{-1.59999pt}.

[10]
Chapter 2.
[11

]
Overfull \hbox (0.49101pt too wide) in paragraph at lines 69--69
[]\T1/lmr/bx/n/14.4 (-20) Transformation to Di-ag-o-nal and Real Modal Canon-i-
cal Forms 
 []


Package fancyhdr Warning: \headheight is too small (12.0pt): 
(fancyhdr)                Make it at least 13.59999pt, for example:
(fancyhdr)                \setlength{\headheight}{13.59999pt}.
(fancyhdr)                You might also make \topmargin smaller:
(fancyhdr)                \addtolength{\topmargin}{-1.59999pt}.

[12]

Package fancyhdr Warning: \headheight is too small (12.0pt): 
(fancyhdr)                Make it at least 13.59999pt, for example:
(fancyhdr)                \setlength{\headheight}{13.59999pt}.
(fancyhdr)                You might also make \topmargin smaller:
(fancyhdr)                \addtolength{\topmargin}{-1.59999pt}.

[13]

Package fancyhdr Warning: \headheight is too small (12.0pt): 
(fancyhdr)                Make it at least 13.59999pt, for example:
(fancyhdr)                \setlength{\headheight}{13.59999pt}.
(fancyhdr)                You might also make \topmargin smaller:
(fancyhdr)                \addtolength{\topmargin}{-1.59999pt}.

[14]) (chapter3.tex

Package fancyhdr Warning: \headheight is too small (12.0pt): 
(fancyhdr)                Make it at least 13.59999pt, for example:
(fancyhdr)                \setlength{\headheight}{13.59999pt}.
(fancyhdr)                You might also make \topmargin smaller:
(fancyhdr)                \addtolength{\topmargin}{-1.59999pt}.

[15]
Chapter 3.
File: ../images/modelo_ss_discreto.png Graphic file (type png)
<use ../images/modelo_ss_discreto.png>
Package pdftex.def Info: ../images/modelo_ss_discreto.png  used on input line 1
7.
(pdftex.def)             Requested size: 256.0748pt x 115.25803pt.
[16


pdfTeX warning (ext4): destination with the same identifier (name{figure.3.1}) 
has been already used, duplicate ignored
<argument> ...shipout:D \box_use:N \l_shipout_box 
                                                  \__shipout_drop_firstpage_...
l.33 \end{equation}
                   ]
<../images/controlabilidade2.png, id=666, 116.93286pt x 80.79787pt>
File: ../images/controlabilidade2.png Graphic file (type png)
<use ../images/controlabilidade2.png>
Package pdftex.def Info: ../images/controlabilidade2.png  used on input line 46
.
(pdftex.def)             Requested size: 227.62204pt x 157.29503pt.
<../images/controlabilidade.png, id=667, 94.96278pt x 80.79787pt>
File: ../images/controlabilidade.png Graphic file (type png)
<use ../images/controlabilidade.png>
Package pdftex.def Info: ../images/controlabilidade.png  used on input line 59.

(pdftex.def)             Requested size: 170.71652pt x 145.26588pt.


Package fancyhdr Warning: \headheight is too small (12.0pt): 
(fancyhdr)                Make it at least 13.59999pt, for example:
(fancyhdr)                \setlength{\headheight}{13.59999pt}.
(fancyhdr)                You might also make \topmargin smaller:
(fancyhdr)                \addtolength{\topmargin}{-1.59999pt}.

[17
pdfTeX warning (ext4): destination with the same identifier (name{figure.3.2}) 
has been already used, duplicate ignored
<argument> ...shipout:D \box_use:N \l_shipout_box 
                                                  \__shipout_drop_firstpage_...
l.63 
      <../images/controlabilidade2.png>]
<../images/controlabilidade_continuo.png, id=677, 95.1555pt x 80.9424pt>
File: ../images/controlabilidade_continuo.png Graphic file (type png)
<use ../images/controlabilidade_continuo.png>
Package pdftex.def Info: ../images/controlabilidade_continuo.png  used on input
 line 75.
(pdftex.def)             Requested size: 199.16928pt x 169.44556pt.


Package fancyhdr Warning: \headheight is too small (12.0pt): 
(fancyhdr)                Make it at least 13.59999pt, for example:
(fancyhdr)                \setlength{\headheight}{13.59999pt}.
(fancyhdr)                You might also make \topmargin smaller:
(fancyhdr)                \addtolength{\topmargin}{-1.59999pt}.

[18
pdfTeX warning (ext4): destination with the same identifier (name{figure.3.3}) 
has been already used, duplicate ignored
<argument> ...shipout:D \box_use:N \l_shipout_box 
                                                  \__shipout_drop_firstpage_...
l.92 \end{equation}
                   
pdfTeX warning (ext4): destination with the same identifier (name{figure.3.4}) 
has been already used, duplicate ignored
<argument> ...shipout:D \box_use:N \l_shipout_box 
                                                  \__shipout_drop_firstpage_...
l.92 \end{equation}
                    <../images/controlabilidade.png> <../images/controlabilidad
e_continuo.png>]
<../images/reachability_directions.png, id=690, 543.4704pt x 375.3222pt>
File: ../images/reachability_directions.png Graphic file (type png)
<use ../images/reachability_directions.png>
Package pdftex.def Info: ../images/reachability_directions.png  used on input l
ine 126.
(pdftex.def)             Requested size: 256.0748pt x 176.84244pt.


Package fancyhdr Warning: \headheight is too small (12.0pt): 
(fancyhdr)                Make it at least 13.59999pt, for example:
(fancyhdr)                \setlength{\headheight}{13.59999pt}.
(fancyhdr)                You might also make \topmargin smaller:
(fancyhdr)                \addtolength{\topmargin}{-1.59999pt}.

[19]
<../images/observabilidade.png, id=702, 116.93286pt x 80.79787pt>
File: ../images/observabilidade.png Graphic file (type png)
<use ../images/observabilidade.png>
Package pdftex.def Info: ../images/observabilidade.png  used on input line 139.

(pdftex.def)             Requested size: 184.9429pt x 127.80222pt.


Package fancyhdr Warning: \headheight is too small (12.0pt): 
(fancyhdr)                Make it at least 13.59999pt, for example:
(fancyhdr)                \setlength{\headheight}{13.59999pt}.
(fancyhdr)                You might also make \topmargin smaller:
(fancyhdr)                \addtolength{\topmargin}{-1.59999pt}.

[20
pdfTeX warning (ext4): destination with the same identifier (name{figure.3.5}) 
has been already used, duplicate ignored
<argument> ...shipout:D \box_use:N \l_shipout_box 
                                                  \__shipout_drop_firstpage_...
l.161 
      
pdfTeX warning (ext4): destination with the same identifier (name{figure.3.6}) 
has been already used, duplicate ignored
<argument> ...shipout:D \box_use:N \l_shipout_box 
                                                  \__shipout_drop_firstpage_...
l.161 
       <../images/reachability_directions.png (PNG copy)> <../images/observabil
idade.png>]

Package fancyhdr Warning: \headheight is too small (12.0pt): 
(fancyhdr)                Make it at least 13.59999pt, for example:
(fancyhdr)                \setlength{\headheight}{13.59999pt}.
(fancyhdr)                You might also make \topmargin smaller:
(fancyhdr)                \addtolength{\topmargin}{-1.59999pt}.

[21]
<../images/ampOp_sistema_non_controllable.png, id=720, 267.6399pt x 131.7723pt>

File: ../images/ampOp_sistema_non_controllable.png Graphic file (type png)
<use ../images/ampOp_sistema_non_controllable.png>
Package pdftex.def Info: ../images/ampOp_sistema_non_controllable.png  used on 
input line 218.
(pdftex.def)             Requested size: 227.62204pt x 112.07532pt.


Package fancyhdr Warning: \headheight is too small (12.0pt): 
(fancyhdr)                Make it at least 13.59999pt, for example:
(fancyhdr)                \setlength{\headheight}{13.59999pt}.
(fancyhdr)                You might also make \topmargin smaller:
(fancyhdr)                \addtolength{\topmargin}{-1.59999pt}.

[22
pdfTeX warning (ext4): destination with the same identifier (name{figure.3.7}) 
has been already used, duplicate ignored
<argument> ...shipout:D \box_use:N \l_shipout_box 
                                                  \__shipout_drop_firstpage_...
l.228 \end{equation}
                     <../images/ampOp_sistema_non_controllable.png>])
(chapter4.tex

Package fancyhdr Warning: \headheight is too small (12.0pt): 
(fancyhdr)                Make it at least 13.59999pt, for example:
(fancyhdr)                \setlength{\headheight}{13.59999pt}.
(fancyhdr)                You might also make \topmargin smaller:
(fancyhdr)                \addtolength{\topmargin}{-1.59999pt}.

[23]
Chapter 4.
<../images/stability.png, id=741, 199.4652pt x 199.4652pt>
File: ../images/stability.png Graphic file (type png)
<use ../images/stability.png>
Package pdftex.def Info: ../images/stability.png  used on input line 8.
(pdftex.def)             Requested size: 170.71652pt x 170.72408pt.
[24


pdfTeX warning (ext4): destination with the same identifier (name{figure.4.1}) 
has been already used, duplicate ignored
<argument> ...shipout:D \box_use:N \l_shipout_box 
                                                  \__shipout_drop_firstpage_...
l.29 T
      his definition ensures that states starting close to the origin remain...
 <../images/stability.png>]
<../images/stability_bibo.png, id=751, 199.4652pt x 199.4652pt>
File: ../images/stability_bibo.png Graphic file (type png)
<use ../images/stability_bibo.png>
Package pdftex.def Info: ../images/stability_bibo.png  used on input line 33.
(pdftex.def)             Requested size: 184.9429pt x 184.95287pt.
<../images/stability_assymptotic_lyap.png, id=752, 199.4652pt x 199.4652pt>
File: ../images/stability_assymptotic_lyap.png Graphic file (type png)
<use ../images/stability_assymptotic_lyap.png>
Package pdftex.def Info: ../images/stability_assymptotic_lyap.png  used on inpu
t line 53.
(pdftex.def)             Requested size: 184.9429pt x 184.95287pt.


Package fancyhdr Warning: \headheight is too small (12.0pt): 
(fancyhdr)                Make it at least 13.59999pt, for example:
(fancyhdr)                \setlength{\headheight}{13.59999pt}.
(fancyhdr)                You might also make \topmargin smaller:
(fancyhdr)                \addtolength{\topmargin}{-1.59999pt}.

[25
pdfTeX warning (ext4): destination with the same identifier (name{figure.4.2}) 
has been already used, duplicate ignored
<argument> ...shipout:D \box_use:N \l_shipout_box 
                                                  \__shipout_drop_firstpage_...
l.57 
      <../images/stability_bibo.png>]
<../images/stability_asymptotic.png, id=764, 199.4652pt x 199.4652pt>
File: ../images/stability_asymptotic.png Graphic file (type png)
<use ../images/stability_asymptotic.png>
Package pdftex.def Info: ../images/stability_asymptotic.png  used on input line
 61.
(pdftex.def)             Requested size: 170.71652pt x 170.72408pt.
<../images/stability_exponential.png, id=765, 330.2739pt x 199.2243pt>
File: ../images/stability_exponential.png Graphic file (type png)
<use ../images/stability_exponential.png>
Package pdftex.def Info: ../images/stability_exponential.png  used on input lin
e 75.
(pdftex.def)             Requested size: 199.16928pt x 120.14044pt.


Package fancyhdr Warning: \headheight is too small (12.0pt): 
(fancyhdr)                Make it at least 13.59999pt, for example:
(fancyhdr)                \setlength{\headheight}{13.59999pt}.
(fancyhdr)                You might also make \topmargin smaller:
(fancyhdr)                \addtolength{\topmargin}{-1.59999pt}.

[26
pdfTeX warning (ext4): destination with the same identifier (name{figure.4.3}) 
has been already used, duplicate ignored
<argument> ...shipout:D \box_use:N \l_shipout_box 
                                                  \__shipout_drop_firstpage_...
l.79 F
      or LTI systems, asymptotic stability and exponential stability are mat...

pdfTeX warning (ext4): destination with the same identifier (name{figure.4.4}) 
has been already used, duplicate ignored
<argument> ...shipout:D \box_use:N \l_shipout_box 
                                                  \__shipout_drop_firstpage_...
l.79 F
      or LTI systems, asymptotic stability and exponential stability are mat...
 <../images/stability_assymptotic_lyap.png> <../images/stability_asymptotic.png
>]

Package fancyhdr Warning: \headheight is too small (12.0pt): 
(fancyhdr)                Make it at least 13.59999pt, for example:
(fancyhdr)                \setlength{\headheight}{13.59999pt}.
(fancyhdr)                You might also make \topmargin smaller:
(fancyhdr)                \addtolength{\topmargin}{-1.59999pt}.

[27
pdfTeX warning (ext4): destination with the same identifier (name{figure.4.5}) 
has been already used, duplicate ignored
<argument> ...shipout:D \box_use:N \l_shipout_box 
                                                  \__shipout_drop_firstpage_...
l.116     \begin{align}
                        <../images/stability_exponential.png>]
<../images/estabilidade_discreta.png, id=788, 226.9278pt x 104.0688pt>
File: ../images/estabilidade_discreta.png Graphic file (type png)
<use ../images/estabilidade_discreta.png>
Package pdftex.def Info: ../images/estabilidade_discreta.png  used on input lin
e 152.
(pdftex.def)             Requested size: 284.52756pt x 130.49536pt.


Package fancyhdr Warning: \headheight is too small (12.0pt): 
(fancyhdr)                Make it at least 13.59999pt, for example:
(fancyhdr)                \setlength{\headheight}{13.59999pt}.
(fancyhdr)                You might also make \topmargin smaller:
(fancyhdr)                \addtolength{\topmargin}{-1.59999pt}.

[28]
<../images/politopo.png, id=801, 125.268pt x 115.8729pt>
File: ../images/politopo.png Graphic file (type png)
<use ../images/politopo.png>
Package pdftex.def Info: ../images/politopo.png  used on input line 185.
(pdftex.def)             Requested size: 170.71652pt x 157.9139pt.


Package fancyhdr Warning: \headheight is too small (12.0pt): 
(fancyhdr)                Make it at least 13.59999pt, for example:
(fancyhdr)                \setlength{\headheight}{13.59999pt}.
(fancyhdr)                You might also make \topmargin smaller:
(fancyhdr)                \addtolength{\topmargin}{-1.59999pt}.

[29
pdfTeX warning (ext4): destination with the same identifier (name{figure.4.6}) 
has been already used, duplicate ignored
<argument> ...shipout:D \box_use:N \l_shipout_box 
                                                  \__shipout_drop_firstpage_...
l.189 
       <../images/estabilidade_discreta.png>]
<../images/politopo_time_varying.png, id=811, 108.405pt x 115.8729pt>
File: ../images/politopo_time_varying.png Graphic file (type png)
<use ../images/politopo_time_varying.png>
Package pdftex.def Info: ../images/politopo_time_varying.png  used on input lin
e 216.
(pdftex.def)             Requested size: 184.9429pt x 197.70798pt.


Package fancyhdr Warning: \headheight is too small (12.0pt): 
(fancyhdr)                Make it at least 13.59999pt, for example:
(fancyhdr)                \setlength{\headheight}{13.59999pt}.
(fancyhdr)                You might also make \topmargin smaller:
(fancyhdr)                \addtolength{\topmargin}{-1.59999pt}.

[30
pdfTeX warning (ext4): destination with the same identifier (name{figure.4.7}) 
has been already used, duplicate ignored
<argument> ...shipout:D \box_use:N \l_shipout_box 
                                                  \__shipout_drop_firstpage_...
l.220 
       <../images/politopo.png>]) (chapter5.tex

Package fancyhdr Warning: \headheight is too small (12.0pt): 
(fancyhdr)                Make it at least 13.59999pt, for example:
(fancyhdr)                \setlength{\headheight}{13.59999pt}.
(fancyhdr)                You might also make \topmargin smaller:
(fancyhdr)                \addtolength{\topmargin}{-1.59999pt}.

[31
pdfTeX warning (ext4): destination with the same identifier (name{figure.4.8}) 
has been already used, duplicate ignored
<argument> ...shipout:D \box_use:N \l_shipout_box 
                                                  \__shipout_drop_firstpage_...
l.1 \chapter
            {State Feedback and LQR} <../images/politopo_time_varying.png>]
Chapter 5.
<../images/state_feedback.png, id=829, 116.06561pt x 69.81282pt>
File: ../images/state_feedback.png Graphic file (type png)
<use ../images/state_feedback.png>
Package pdftex.def Info: ../images/state_feedback.png  used on input line 12.
(pdftex.def)             Requested size: 256.0748pt x 154.03073pt.
[32


pdfTeX warning (ext4): destination with the same identifier (name{figure.5.1}) 
has been already used, duplicate ignored
<argument> ...shipout:D \box_use:N \l_shipout_box 
                                                  \__shipout_drop_firstpage_...
l.30 
      <../images/state_feedback.png>]

Package fancyhdr Warning: \headheight is too small (12.0pt): 
(fancyhdr)                Make it at least 13.59999pt, for example:
(fancyhdr)                \setlength{\headheight}{13.59999pt}.
(fancyhdr)                You might also make \topmargin smaller:
(fancyhdr)                \addtolength{\topmargin}{-1.59999pt}.

[33]
<../images/controle_otimo.png, id=850, 94.96278pt x 80.79787pt>
File: ../images/controle_otimo.png Graphic file (type png)
<use ../images/controle_otimo.png>
Package pdftex.def Info: ../images/controle_otimo.png  used on input line 109.
(pdftex.def)             Requested size: 184.9429pt x 157.37148pt.


Package fancyhdr Warning: \headheight is too small (12.0pt): 
(fancyhdr)                Make it at least 13.59999pt, for example:
(fancyhdr)                \setlength{\headheight}{13.59999pt}.
(fancyhdr)                You might also make \topmargin smaller:
(fancyhdr)                \addtolength{\topmargin}{-1.59999pt}.

[34]

Package fancyhdr Warning: \headheight is too small (12.0pt): 
(fancyhdr)                Make it at least 13.59999pt, for example:
(fancyhdr)                \setlength{\headheight}{13.59999pt}.
(fancyhdr)                You might also make \topmargin smaller:
(fancyhdr)                \addtolength{\topmargin}{-1.59999pt}.

[35
pdfTeX warning (ext4): destination with the same identifier (name{figure.5.2}) 
has been already used, duplicate ignored
<argument> ...shipout:D \box_use:N \l_shipout_box 
                                                  \__shipout_drop_firstpage_...
l.160 \begin{equation}
                       <../images/controle_otimo.png>]
<../images/LQR_cost.png, id=884, 562.1pt x 421.575pt>
File: ../images/LQR_cost.png Graphic file (type png)
<use ../images/LQR_cost.png>
Package pdftex.def Info: ../images/LQR_cost.png  used on input line 195.
(pdftex.def)             Requested size: 227.62204pt x 170.71764pt.


Package fancyhdr Warning: \headheight is too small (12.0pt): 
(fancyhdr)                Make it at least 13.59999pt, for example:
(fancyhdr)                \setlength{\headheight}{13.59999pt}.
(fancyhdr)                You might also make \topmargin smaller:
(fancyhdr)                \addtolength{\topmargin}{-1.59999pt}.

[36]
File: ../images/controle_otimo.png Graphic file (type png)
<use ../images/controle_otimo.png>
Package pdftex.def Info: ../images/controle_otimo.png  used on input line 216.
(pdftex.def)             Requested size: 141.12454pt x 120.08565pt.
<../images/controle_otimo2.png, id=897, 94.96278pt x 80.79787pt>
File: ../images/controle_otimo2.png Graphic file (type png)
<use ../images/controle_otimo2.png>
Package pdftex.def Info: ../images/controle_otimo2.png  used on input line 223.

(pdftex.def)             Requested size: 141.12454pt x 120.08565pt.
<../images/controle_otimo3.png, id=898, 94.96278pt x 80.79787pt>
File: ../images/controle_otimo3.png Graphic file (type png)
<use ../images/controle_otimo3.png>
Package pdftex.def Info: ../images/controle_otimo3.png  used on input line 230.

(pdftex.def)             Requested size: 141.12454pt x 120.08565pt.
<../images/controle_otimo4.png, id=899, 94.96278pt x 80.79787pt>
File: ../images/controle_otimo4.png Graphic file (type png)
<use ../images/controle_otimo4.png>
Package pdftex.def Info: ../images/controle_otimo4.png  used on input line 240.

(pdftex.def)             Requested size: 227.62204pt x 193.68825pt.


Package fancyhdr Warning: \headheight is too small (12.0pt): 
(fancyhdr)                Make it at least 13.59999pt, for example:
(fancyhdr)                \setlength{\headheight}{13.59999pt}.
(fancyhdr)                You might also make \topmargin smaller:
(fancyhdr)                \addtolength{\topmargin}{-1.59999pt}.

[37
pdfTeX warning (ext4): destination with the same identifier (name{figure.5.3}) 
has been already used, duplicate ignored
<argument> ...shipout:D \box_use:N \l_shipout_box 
                                                  \__shipout_drop_firstpage_...
l.244 
      
pdfTeX warning (ext4): destination with the same identifier (name{figure.5.4}) 
has been already used, duplicate ignored
<argument> ...shipout:D \box_use:N \l_shipout_box 
                                                  \__shipout_drop_firstpage_...
l.244 
      
pdfTeX warning (ext4): destination with the same identifier (name{figure.5.5}) 
has been already used, duplicate ignored
<argument> ...shipout:D \box_use:N \l_shipout_box 
                                                  \__shipout_drop_firstpage_...
l.244 
      
pdfTeX warning (ext4): destination with the same identifier (name{figure.5.6}) 
has been already used, duplicate ignored
<argument> ...shipout:D \box_use:N \l_shipout_box 
                                                  \__shipout_drop_firstpage_...
l.244 
      
pdfTeX warning (ext4): destination with the same identifier (name{figure.5.7}) 
has been already used, duplicate ignored
<argument> ...shipout:D \box_use:N \l_shipout_box 
                                                  \__shipout_drop_firstpage_...
l.244 
       <../images/LQR_cost.png (PNG copy)> <../images/controle_otimo2.png> <../
images/controle_otimo3.png>]
<../images/controle_otimo_bellman.png, id=913, 94.96278pt x 80.79787pt>
File: ../images/controle_otimo_bellman.png Graphic file (type png)
<use ../images/controle_otimo_bellman.png>
Package pdftex.def Info: ../images/controle_otimo_bellman.png  used on input li
ne 260.
(pdftex.def)             Requested size: 141.12454pt x 120.08565pt.
<../images/controle_otimo_bellman2.png, id=914, 94.96278pt x 80.79787pt>
File: ../images/controle_otimo_bellman2.png Graphic file (type png)
<use ../images/controle_otimo_bellman2.png>
Package pdftex.def Info: ../images/controle_otimo_bellman2.png  used on input l
ine 267.
(pdftex.def)             Requested size: 141.12454pt x 120.08565pt.

Underfull \hbox (badness 10000) in paragraph at lines 268--268
\T1/lmr/m/n/10.95 (+20) path for-mu-la-tion start-ing
 []

<../images/controle_otimo_bellman3.png, id=915, 99.15443pt x 80.79787pt>
File: ../images/controle_otimo_bellman3.png Graphic file (type png)
<use ../images/controle_otimo_bellman3.png>
Package pdftex.def Info: ../images/controle_otimo_bellman3.png  used on input l
ine 274.
(pdftex.def)             Requested size: 141.12454pt x 115.01361pt.

Underfull \hbox (badness 1168) in paragraph at lines 275--275
\T1/lmr/m/n/10.95 (+20) sive sub-optimization par-ti-
 []


Package fancyhdr Warning: \headheight is too small (12.0pt): 
(fancyhdr)                Make it at least 13.59999pt, for example:
(fancyhdr)                \setlength{\headheight}{13.59999pt}.
(fancyhdr)                You might also make \topmargin smaller:
(fancyhdr)                \addtolength{\topmargin}{-1.59999pt}.

[38
pdfTeX warning (ext4): destination with the same identifier (name{figure.5.8}) 
has been already used, duplicate ignored
<argument> ...shipout:D \box_use:N \l_shipout_box 
                                                  \__shipout_drop_firstpage_...
l.294 \end{align}
                 
pdfTeX warning (ext4): destination with the same identifier (name{figure.5.9}) 
has been already used, duplicate ignored
<argument> ...shipout:D \box_use:N \l_shipout_box 
                                                  \__shipout_drop_firstpage_...
l.294 \end{align}
                 
pdfTeX warning (ext4): destination with the same identifier (name{figure.5.10})
 has been already used, duplicate ignored
<argument> ...shipout:D \box_use:N \l_shipout_box 
                                                  \__shipout_drop_firstpage_...
l.294 \end{align}
                 
pdfTeX warning (ext4): destination with the same identifier (name{figure.5.11})
 has been already used, duplicate ignored
<argument> ...shipout:D \box_use:N \l_shipout_box 
                                                  \__shipout_drop_firstpage_...
l.294 \end{align}
                 
pdfTeX warning (ext4): destination with the same identifier (name{figure.5.12})
 has been already used, duplicate ignored
<argument> ...shipout:D \box_use:N \l_shipout_box 
                                                  \__shipout_drop_firstpage_...
l.294 \end{align}
                  <../images/controle_otimo4.png> <../images/controle_otimo_bel
lman.png> <../images/controle_otimo_bellman2.png> <../images/controle_otimo_bel
lman3.png>]
<../images/custo_estagio.png, id=933, 94.96278pt x 80.79787pt>
File: ../images/custo_estagio.png Graphic file (type png)
<use ../images/custo_estagio.png>
Package pdftex.def Info: ../images/custo_estagio.png  used on input line 300.
(pdftex.def)             Requested size: 218.51521pt x 185.9384pt.
<../images/custo_to_go.png, id=934, 94.96278pt x 80.79787pt>
File: ../images/custo_to_go.png Graphic file (type png)
<use ../images/custo_to_go.png>
Package pdftex.def Info: ../images/custo_to_go.png  used on input line 307.
(pdftex.def)             Requested size: 218.51521pt x 185.9384pt.


Package fancyhdr Warning: \headheight is too small (12.0pt): 
(fancyhdr)                Make it at least 13.59999pt, for example:
(fancyhdr)                \setlength{\headheight}{13.59999pt}.
(fancyhdr)                You might also make \topmargin smaller:
(fancyhdr)                \addtolength{\topmargin}{-1.59999pt}.

[39
pdfTeX warning (ext4): destination with the same identifier (name{figure.5.13})
 has been already used, duplicate ignored
<argument> ...shipout:D \box_use:N \l_shipout_box 
                                                  \__shipout_drop_firstpage_...
l.340 \end{equation}
                    
pdfTeX warning (ext4): destination with the same identifier (name{figure.5.14})
 has been already used, duplicate ignored
<argument> ...shipout:D \box_use:N \l_shipout_box 
                                                  \__shipout_drop_firstpage_...
l.340 \end{equation}
                    
pdfTeX warning (ext4): destination with the same identifier (name{figure.5.15})
 has been already used, duplicate ignored
<argument> ...shipout:D \box_use:N \l_shipout_box 
                                                  \__shipout_drop_firstpage_...
l.340 \end{equation}
                     <../images/custo_estagio.png> <../images/custo_to_go.png>]
<../images/espaco_Palpha_funcoes.png, id=951, 142.6128pt x 96.8418pt>
File: ../images/espaco_Palpha_funcoes.png Graphic file (type png)
<use ../images/espaco_Palpha_funcoes.png>
Package pdftex.def Info: ../images/espaco_Palpha_funcoes.png  used on input lin
e 354.
(pdftex.def)             Requested size: 141.12454pt x 95.83228pt.

Underfull \hbox (badness 10000) in paragraph at lines 355--355
[]\T1/lmr/m/n/10.95 (+20) Figure 5.16: []Parameter-
 []

<../images/espaco_Pcte_funcoes.png, id=952, 142.6128pt x 96.8418pt>
File: ../images/espaco_Pcte_funcoes.png Graphic file (type png)
<use ../images/espaco_Pcte_funcoes.png>
Package pdftex.def Info: ../images/espaco_Pcte_funcoes.png  used on input line 
361.
(pdftex.def)             Requested size: 141.12454pt x 95.83228pt.

Underfull \hbox (badness 10000) in paragraph at lines 362--362
[]\T1/lmr/m/n/10.95 (+20) Figure 5.17: []Common
 []

<../images/espaco_Pafim_funcoes.png, id=953, 142.6128pt x 96.8418pt>
File: ../images/espaco_Pafim_funcoes.png Graphic file (type png)
<use ../images/espaco_Pafim_funcoes.png>
Package pdftex.def Info: ../images/espaco_Pafim_funcoes.png  used on input line
 368.
(pdftex.def)             Requested size: 141.12454pt x 95.83228pt.

Package fancyhdr Warning: \headheight is too small (12.0pt): 
(fancyhdr)                Make it at least 13.59999pt, for example:
(fancyhdr)                \setlength{\headheight}{13.59999pt}.
(fancyhdr)                You might also make \topmargin smaller:
(fancyhdr)                \addtolength{\topmargin}{-1.59999pt}.

[40
pdfTeX warning (ext4): destination with the same identifier (name{figure.5.16})
 has been already used, duplicate ignored
<argument> ...shipout:D \box_use:N \l_shipout_box 
                                                  \__shipout_drop_firstpage_...
l.396     \end{equation}
                        
pdfTeX warning (ext4): destination with the same identifier (name{figure.5.17})
 has been already used, duplicate ignored
<argument> ...shipout:D \box_use:N \l_shipout_box 
                                                  \__shipout_drop_firstpage_...
l.396     \end{equation}
                        
pdfTeX warning (ext4): destination with the same identifier (name{figure.5.18})
 has been already used, duplicate ignored
<argument> ...shipout:D \box_use:N \l_shipout_box 
                                                  \__shipout_drop_firstpage_...
l.396     \end{equation}
                        
pdfTeX warning (ext4): destination with the same identifier (name{figure.5.19})
 has been already used, duplicate ignored
<argument> ...shipout:D \box_use:N \l_shipout_box 
                                                  \__shipout_drop_firstpage_...
l.396     \end{equation}
                         <../images/espaco_Palpha_funcoes.png> <../images/espac
o_Pcte_funcoes.png> <../images/espaco_Pafim_funcoes.png>]
<../images/pendulo_invertido_planta.png, id=977, 205.68042pt x 96.98634pt>
File: ../images/pendulo_invertido_planta.png Graphic file (type png)
<use ../images/pendulo_invertido_planta.png>
Package pdftex.def Info: ../images/pendulo_invertido_planta.png  used on input 
line 425.
(pdftex.def)             Requested size: 218.51521pt x 103.04181pt.
<../images/pendulo_invertido_planta2.png, id=978, 205.68042pt x 120.6909pt>
File: ../images/pendulo_invertido_planta2.png Graphic file (type png)
<use ../images/pendulo_invertido_planta2.png>
Package pdftex.def Info: ../images/pendulo_invertido_planta2.png  used on input
 line 432.
(pdftex.def)             Requested size: 218.51521pt x 128.22638pt.
<../images/pendulo_invertido_planta3.png, id=979, 203.8014pt x 169.8345pt>
File: ../images/pendulo_invertido_planta3.png Graphic file (type png)
<use ../images/pendulo_invertido_planta3.png>
Package pdftex.def Info: ../images/pendulo_invertido_planta3.png  used on input
 line 444.
(pdftex.def)             Requested size: 218.51521pt x 182.09946pt.
<../images/pendulo_invertido_planta_statefeedback.png, id=980, 203.8014pt x 119
.67912pt>
File: ../images/pendulo_invertido_planta_statefeedback.png Graphic file (type p
ng)
<use ../images/pendulo_invertido_planta_statefeedback.png>
Package pdftex.def Info: ../images/pendulo_invertido_planta_statefeedback.png  
used on input line 451.
(pdftex.def)             Requested size: 218.51521pt x 128.32199pt.


Package fancyhdr Warning: \headheight is too small (12.0pt): 
(fancyhdr)                Make it at least 13.59999pt, for example:
(fancyhdr)                \setlength{\headheight}{13.59999pt}.
(fancyhdr)                You might also make \topmargin smaller:
(fancyhdr)                \addtolength{\topmargin}{-1.59999pt}.

[41
pdfTeX warning (ext4): destination with the same identifier (name{figure.5.20})
 has been already used, duplicate ignored
<argument> ...shipout:D \box_use:N \l_shipout_box 
                                                  \__shipout_drop_firstpage_...
l.458 
      
pdfTeX warning (ext4): destination with the same identifier (name{figure.5.21})
 has been already used, duplicate ignored
<argument> ...shipout:D \box_use:N \l_shipout_box 
                                                  \__shipout_drop_firstpage_...
l.458 
      
pdfTeX warning (ext4): destination with the same identifier (name{figure.5.22})
 has been already used, duplicate ignored
<argument> ...shipout:D \box_use:N \l_shipout_box 
                                                  \__shipout_drop_firstpage_...
l.458 
       <../images/pendulo_invertido_planta.png> <../images/pendulo_invertido_pl
anta2.png>]
<../images/pendulum.png, id=997, 779.16093pt x 286.82156pt>
File: ../images/pendulum.png Graphic file (type png)
<use ../images/pendulum.png>
Package pdftex.def Info: ../images/pendulum.png  used on input line 466.
(pdftex.def)             Requested size: 142.26378pt x 52.36966pt.


! LaTeX Error: Environment exercise undefined.

See the LaTeX manual or LaTeX Companion for explanation.
Type  H <return>  for immediate help.
 ...                                              
                                                  
l.471 \begin{exercise}
                      
Your command was ignored.
Type  I <command> <return>  to replace it with another command,
or  <return>  to continue without it.


! LaTeX Error: \begin{document} ended by \end{exercise}.

See the LaTeX manual or LaTeX Companion for explanation.
Type  H <return>  for immediate help.
 ...                                              
                                                  
l.473 \end{exercise}
                    
Your command was ignored.
Type  I <command> <return>  to replace it with another command,
or  <return>  to continue without it.

) (chapter6.tex

Package fancyhdr Warning: \headheight is too small (12.0pt): 
(fancyhdr)                Make it at least 13.59999pt, for example:
(fancyhdr)                \setlength{\headheight}{13.59999pt}.
(fancyhdr)                You might also make \topmargin smaller:
(fancyhdr)                \addtolength{\topmargin}{-1.59999pt}.

[42
pdfTeX warning (ext4): destination with the same identifier (name{figure.5.23})
 has been already used, duplicate ignored
<argument> ...shipout:D \box_use:N \l_shipout_box 
                                                  \__shipout_drop_firstpage_...
l.1 \chapter
            {Observers and Kalman Filtering}
pdfTeX warning (ext4): destination with the same identifier (name{figure.5.24})
 has been already used, duplicate ignored
<argument> ...shipout:D \box_use:N \l_shipout_box 
                                                  \__shipout_drop_firstpage_...
l.1 \chapter
            {Observers and Kalman Filtering}
pdfTeX warning (ext4): destination with the same identifier (name{figure.5.25})
 has been already used, duplicate ignored
<argument> ...shipout:D \box_use:N \l_shipout_box 
                                                  \__shipout_drop_firstpage_...
l.1 \chapter
            {Observers and Kalman Filtering}
pdfTeX warning (ext4): destination with the same identifier (name{figure.5.26})
 has been already used, duplicate ignored
<argument> ...shipout:D \box_use:N \l_shipout_box 
                                                  \__shipout_drop_firstpage_...
l.1 \chapter
            {Observers and Kalman Filtering} <../images/pendulo_invertido_plant
a3.png> <../images/pendulo_invertido_planta_statefeedback.png> <../images/pendu
lum.png>]
Chapter 6.
<../images/state_observer2.png, id=1009, 161.45119pt x 97.99812pt>
File: ../images/state_observer2.png Graphic file (type png)
<use ../images/state_observer2.png>
Package pdftex.def Info: ../images/state_observer2.png  used on input line 20.
(pdftex.def)             Requested size: 141.12454pt x 85.66588pt.
<../images/state_observer3.png, id=1010, 204.95772pt x 97.99812pt>
File: ../images/state_observer3.png Graphic file (type png)
<use ../images/state_observer3.png>
Package pdftex.def Info: ../images/state_observer3.png  used on input line 27.
(pdftex.def)             Requested size: 141.12454pt x 67.4782pt.
<../images/state_observer4.png, id=1011, 204.95772pt x 97.99812pt>
File: ../images/state_observer4.png Graphic file (type png)
<use ../images/state_observer4.png>
Package pdftex.def Info: ../images/state_observer4.png  used on input line 34.
(pdftex.def)             Requested size: 141.12454pt x 67.4782pt.
<../images/state_observer.png, id=1012, 152.4897pt x 132.0132pt>
File: ../images/state_observer.png Graphic file (type png)
<use ../images/state_observer.png>
Package pdftex.def Info: ../images/state_observer.png  used on input line 50.
(pdftex.def)             Requested size: 256.0748pt x 221.71819pt.
[43


pdfTeX warning (ext4): destination with the same identifier (name{figure.6.1}) 
has been already used, duplicate ignored
<argument> ...shipout:D \box_use:N \l_shipout_box 
                                                  \__shipout_drop_firstpage_...
l.53 \end{figure}
                 
pdfTeX warning (ext4): destination with the same identifier (name{figure.6.2}) 
has been already used, duplicate ignored
<argument> ...shipout:D \box_use:N \l_shipout_box 
                                                  \__shipout_drop_firstpage_...
l.53 \end{figure}
                 
pdfTeX warning (ext4): destination with the same identifier (name{figure.6.3}) 
has been already used, duplicate ignored
<argument> ...shipout:D \box_use:N \l_shipout_box 
                                                  \__shipout_drop_firstpage_...
l.53 \end{figure}
                 
pdfTeX warning (ext4): destination with the same identifier (name{figure.6.4}) 
has been already used, duplicate ignored
<argument> ...shipout:D \box_use:N \l_shipout_box 
                                                  \__shipout_drop_firstpage_...
l.53 \end{figure}
                  <../images/state_observer2.png> <../images/state_observer3.pn
g> <../images/state_observer4.png>]
<../images/state_observer_continuous.png, id=1028, 152.4897pt x 132.0132pt>
File: ../images/state_observer_continuous.png Graphic file (type png)
<use ../images/state_observer_continuous.png>
Package pdftex.def Info: ../images/state_observer_continuous.png  used on input
 line 73.
(pdftex.def)             Requested size: 218.51521pt x 189.17828pt.
<../images/state_observer_example.png, id=1029, 421.575pt x 316.18124pt>
File: ../images/state_observer_example.png Graphic file (type png)
<use ../images/state_observer_example.png>
Package pdftex.def Info: ../images/state_observer_example.png  used on input li
ne 80.
(pdftex.def)             Requested size: 218.51521pt x 163.88931pt.


Package fancyhdr Warning: \headheight is too small (12.0pt): 
(fancyhdr)                Make it at least 13.59999pt, for example:
(fancyhdr)                \setlength{\headheight}{13.59999pt}.
(fancyhdr)                You might also make \topmargin smaller:
(fancyhdr)                \addtolength{\topmargin}{-1.59999pt}.

[44
pdfTeX warning (ext4): destination with the same identifier (name{figure.6.5}) 
has been already used, duplicate ignored
<argument> ...shipout:D \box_use:N \l_shipout_box 
                                                  \__shipout_drop_firstpage_...
l.87 
      <../images/state_observer.png>]

Package fancyhdr Warning: \headheight is too small (12.0pt): 
(fancyhdr)                Make it at least 13.59999pt, for example:
(fancyhdr)                \setlength{\headheight}{13.59999pt}.
(fancyhdr)                You might also make \topmargin smaller:
(fancyhdr)                \addtolength{\topmargin}{-1.59999pt}.

[45
pdfTeX warning (ext4): destination with the same identifier (name{figure.6.6}) 
has been already used, duplicate ignored
<argument> ...shipout:D \box_use:N \l_shipout_box 
                                                  \__shipout_drop_firstpage_...
l.113 
      
pdfTeX warning (ext4): destination with the same identifier (name{figure.6.7}) 
has been already used, duplicate ignored
<argument> ...shipout:D \box_use:N \l_shipout_box 
                                                  \__shipout_drop_firstpage_...
l.113 
      
pdfTeX warning (ext4): destination with the same identifier (name{figure.6.8}) 
has been already used, duplicate ignored
<argument> ...shipout:D \box_use:N \l_shipout_box 
                                                  \__shipout_drop_firstpage_...
l.113 
       <../images/state_observer_continuous.png> <../images/state_observer_exam
ple.png (PNG copy)>]
<../images/state_observer_kf.png, id=1056, 140.34834pt x 131.82048pt>
File: ../images/state_observer_kf.png Graphic file (type png)
<use ../images/state_observer_kf.png>
Package pdftex.def Info: ../images/state_observer_kf.png  used on input line 15
1.
(pdftex.def)             Requested size: 256.0748pt x 240.52107pt.


Package fancyhdr Warning: \headheight is too small (12.0pt): 
(fancyhdr)                Make it at least 13.59999pt, for example:
(fancyhdr)                \setlength{\headheight}{13.59999pt}.
(fancyhdr)                You might also make \topmargin smaller:
(fancyhdr)                \addtolength{\topmargin}{-1.59999pt}.

[46]
<../images/Rudolf_Kalman.jpg, id=1067, 241.65282pt x 225.84375pt>
File: ../images/Rudolf_Kalman.jpg Graphic file (type jpg)
<use ../images/Rudolf_Kalman.jpg>
Package pdftex.def Info: ../images/Rudolf_Kalman.jpg  used on input line 162.
(pdftex.def)             Requested size: 99.58464pt x 93.06863pt.
<../images/paper_1960_kf.png, id=1068, 764.8575pt x 530.73282pt>
File: ../images/paper_1960_kf.png Graphic file (type png)
<use ../images/paper_1960_kf.png>
Package pdftex.def Info: ../images/paper_1960_kf.png  used on input line 169.
(pdftex.def)             Requested size: 156.49014pt x 108.58228pt.
<../images/modelo_ss_discreto_estocastico.png, id=1069, 177.92874pt x 80.07516p
t>
File: ../images/modelo_ss_discreto_estocastico.png Graphic file (type png)
<use ../images/modelo_ss_discreto_estocastico.png>
Package pdftex.def Info: ../images/modelo_ss_discreto_estocastico.png  used on 
input line 186.
(pdftex.def)             Requested size: 256.0748pt x 115.25803pt.


Package fancyhdr Warning: \headheight is too small (12.0pt): 
(fancyhdr)                Make it at least 13.59999pt, for example:
(fancyhdr)                \setlength{\headheight}{13.59999pt}.
(fancyhdr)                You might also make \topmargin smaller:
(fancyhdr)                \addtolength{\topmargin}{-1.59999pt}.

[47
pdfTeX warning (ext4): destination with the same identifier (name{figure.6.9}) 
has been already used, duplicate ignored
<argument> ...shipout:D \box_use:N \l_shipout_box 
                                                  \__shipout_drop_firstpage_...
l.190 
      
pdfTeX warning (ext4): destination with the same identifier (name{figure.6.10})
 has been already used, duplicate ignored
<argument> ...shipout:D \box_use:N \l_shipout_box 
                                                  \__shipout_drop_firstpage_...
l.190 
      
pdfTeX warning (ext4): destination with the same identifier (name{figure.6.11})
 has been already used, duplicate ignored
<argument> ...shipout:D \box_use:N \l_shipout_box 
                                                  \__shipout_drop_firstpage_...
l.190 
      
pdfTeX warning (ext4): destination with the same identifier (name{figure.6.12})
 has been already used, duplicate ignored
<argument> ...shipout:D \box_use:N \l_shipout_box 
                                                  \__shipout_drop_firstpage_...
l.190 
       <../images/state_observer_kf.png> <../images/Rudolf_Kalman.jpg> <../imag
es/paper_1960_kf.png>]
<../images/gaussiana_escalar.png, id=1084, 903.375pt x 376.40625pt>
File: ../images/gaussiana_escalar.png Graphic file (type png)
<use ../images/gaussiana_escalar.png>
Package pdftex.def Info: ../images/gaussiana_escalar.png  used on input line 21
1.
(pdftex.def)             Requested size: 141.12454pt x 58.80183pt.
<../images/gaussiana_escalar2.png, id=1085, 903.375pt x 376.40625pt>
File: ../images/gaussiana_escalar2.png Graphic file (type png)
<use ../images/gaussiana_escalar2.png>
Package pdftex.def Info: ../images/gaussiana_escalar2.png  used on input line 2
18.
(pdftex.def)             Requested size: 141.12454pt x 58.80183pt.
<../images/gaussiana_escalar3.png, id=1086, 903.375pt x 376.40625pt>
File: ../images/gaussiana_escalar3.png Graphic file (type png)
<use ../images/gaussiana_escalar3.png>
Package pdftex.def Info: ../images/gaussiana_escalar3.png  used on input line 2
25.
(pdftex.def)             Requested size: 141.12454pt x 58.80183pt.
<../images/2d_gaussian.png, id=1087, 562.1pt x 421.575pt>
File: ../images/2d_gaussian.png Graphic file (type png)
<use ../images/2d_gaussian.png>
Package pdftex.def Info: ../images/2d_gaussian.png  used on input line 235.
(pdftex.def)             Requested size: 227.62204pt x 170.71764pt.


Package fancyhdr Warning: \headheight is too small (12.0pt): 
(fancyhdr)                Make it at least 13.59999pt, for example:
(fancyhdr)                \setlength{\headheight}{13.59999pt}.
(fancyhdr)                You might also make \topmargin smaller:
(fancyhdr)                \addtolength{\topmargin}{-1.59999pt}.

[48
pdfTeX warning (ext4): destination with the same identifier (name{figure.6.13})
 has been already used, duplicate ignored
<argument> ...shipout:D \box_use:N \l_shipout_box 
                                                  \__shipout_drop_firstpage_...
l.239 
      
pdfTeX warning (ext4): destination with the same identifier (name{figure.6.14})
 has been already used, duplicate ignored
<argument> ...shipout:D \box_use:N \l_shipout_box 
                                                  \__shipout_drop_firstpage_...
l.239 
      
pdfTeX warning (ext4): destination with the same identifier (name{figure.6.15})
 has been already used, duplicate ignored
<argument> ...shipout:D \box_use:N \l_shipout_box 
                                                  \__shipout_drop_firstpage_...
l.239 
      
pdfTeX warning (ext4): destination with the same identifier (name{figure.6.16})
 has been already used, duplicate ignored
<argument> ...shipout:D \box_use:N \l_shipout_box 
                                                  \__shipout_drop_firstpage_...
l.239 
      
pdfTeX warning (ext4): destination with the same identifier (name{figure.6.17})
 has been already used, duplicate ignored
<argument> ...shipout:D \box_use:N \l_shipout_box 
                                                  \__shipout_drop_firstpage_...
l.239 
       <../images/modelo_ss_discreto_estocastico.png> <../images/gaussiana_esca
lar.png (PNG copy)> <../images/gaussiana_escalar2.png (PNG copy)> <../images/ga
ussiana_escalar3.png (PNG copy)>]
Overfull \hbox (7.64261pt too wide) detected at line 275
[]
 []


Package fancyhdr Warning: \headheight is too small (12.0pt): 
(fancyhdr)                Make it at least 13.59999pt, for example:
(fancyhdr)                \setlength{\headheight}{13.59999pt}.
(fancyhdr)                You might also make \topmargin smaller:
(fancyhdr)                \addtolength{\topmargin}{-1.59999pt}.

[49
pdfTeX warning (ext4): destination with the same identifier (name{figure.6.18})
 has been already used, duplicate ignored
<argument> ...shipout:D \box_use:N \l_shipout_box 
                                                  \__shipout_drop_firstpage_...
l.279     \end{equation}
                         <../images/2d_gaussian.png (PNG copy)>]

Package fancyhdr Warning: \headheight is too small (12.0pt): 
(fancyhdr)                Make it at least 13.59999pt, for example:
(fancyhdr)                \setlength{\headheight}{13.59999pt}.
(fancyhdr)                You might also make \topmargin smaller:
(fancyhdr)                \addtolength{\topmargin}{-1.59999pt}.

[50]
File: ../images/pendulum.png Graphic file (type png)
<use ../images/pendulum.png>
Package pdftex.def Info: ../images/pendulum.png  used on input line 369.
(pdftex.def)             Requested size: 142.26378pt x 52.36966pt.


! LaTeX Error: Environment exercise undefined.

See the LaTeX manual or LaTeX Companion for explanation.
Type  H <return>  for immediate help.
 ...                                              
                                                  
l.374   \begin{exercise}
                        
Your command was ignored.
Type  I <command> <return>  to replace it with another command,
or  <return>  to continue without it.


! LaTeX Error: \begin{document} ended by \end{exercise}.

See the LaTeX manual or LaTeX Companion for explanation.
Type  H <return>  for immediate help.
 ...                                              
                                                  
l.376   \end{exercise}
                      
Your command was ignored.
Type  I <command> <return>  to replace it with another command,
or  <return>  to continue without it.

) (chapter7.tex

Package fancyhdr Warning: \headheight is too small (12.0pt): 
(fancyhdr)                Make it at least 13.59999pt, for example:
(fancyhdr)                \setlength{\headheight}{13.59999pt}.
(fancyhdr)                You might also make \topmargin smaller:
(fancyhdr)                \addtolength{\topmargin}{-1.59999pt}.

[51
pdfTeX warning (ext4): destination with the same identifier (name{table.6.1}) h
as been already used, duplicate ignored
<argument> ...shipout:D \box_use:N \l_shipout_box 
                                                  \__shipout_drop_firstpage_...
l.1 \chapter
            {Robust H2 Control}
pdfTeX warning (ext4): destination with the same identifier (name{figure.6.19})
 has been already used, duplicate ignored
<argument> ...shipout:D \box_use:N \l_shipout_box 
                                                  \__shipout_drop_firstpage_...
l.1 \chapter
            {Robust H2 Control}]
Chapter 7.
<../images/impulse_response_diagram.png, id=1143, 198.0198pt x 78.2925pt>
File: ../images/impulse_response_diagram.png Graphic file (type png)
<use ../images/impulse_response_diagram.png>
Package pdftex.def Info: ../images/impulse_response_diagram.png  used on input 
line 33.
(pdftex.def)             Requested size: 256.0748pt x 101.25577pt.
[52

]
<../images/impulse_response_continuous.png, id=1153, 669.702pt x 439.4016pt>
File: ../images/impulse_response_continuous.png Graphic file (type png)
<use ../images/impulse_response_continuous.png>
Package pdftex.def Info: ../images/impulse_response_continuous.png  used on inp
ut line 44.
(pdftex.def)             Requested size: 213.39566pt x 140.01465pt.


Package fancyhdr Warning: \headheight is too small (12.0pt): 
(fancyhdr)                Make it at least 13.59999pt, for example:
(fancyhdr)                \setlength{\headheight}{13.59999pt}.
(fancyhdr)                You might also make \topmargin smaller:
(fancyhdr)                \addtolength{\topmargin}{-1.59999pt}.

[53
pdfTeX warning (ext4): destination with the same identifier (name{figure.7.1}) 
has been already used, duplicate ignored
<argument> ...shipout:D \box_use:N \l_shipout_box 
                                                  \__shipout_drop_firstpage_...
l.77 
     
pdfTeX warning (ext4): destination with the same identifier (name{figure.7.2}) 
has been already used, duplicate ignored
<argument> ...shipout:D \box_use:N \l_shipout_box 
                                                  \__shipout_drop_firstpage_...
l.77 
      <../images/impulse_response_diagram.png> <../images/impulse_response_cont
inuous.png (PNG copy)>]

Package fancyhdr Warning: \headheight is too small (12.0pt): 
(fancyhdr)                Make it at least 13.59999pt, for example:
(fancyhdr)                \setlength{\headheight}{13.59999pt}.
(fancyhdr)                You might also make \topmargin smaller:
(fancyhdr)                \addtolength{\topmargin}{-1.59999pt}.

[54]

Package fancyhdr Warning: \headheight is too small (12.0pt): 
(fancyhdr)                Make it at least 13.59999pt, for example:
(fancyhdr)                \setlength{\headheight}{13.59999pt}.
(fancyhdr)                You might also make \topmargin smaller:
(fancyhdr)                \addtolength{\topmargin}{-1.59999pt}.

[55]
<../images/impulse_response_discrete.png, id=1214, 656.6934pt x 439.4016pt>
File: ../images/impulse_response_discrete.png Graphic file (type png)
<use ../images/impulse_response_discrete.png>
Package pdftex.def Info: ../images/impulse_response_discrete.png  used on input
 line 180.
(pdftex.def)             Requested size: 241.84842pt x 161.8184pt.
) (chapter8.tex

Package fancyhdr Warning: \headheight is too small (12.0pt): 
(fancyhdr)                Make it at least 13.59999pt, for example:
(fancyhdr)                \setlength{\headheight}{13.59999pt}.
(fancyhdr)                You might also make \topmargin smaller:
(fancyhdr)                \addtolength{\topmargin}{-1.59999pt}.

[56
pdfTeX warning (ext4): destination with the same identifier (name{figure.7.3}) 
has been already used, duplicate ignored
<argument> ...shipout:D \box_use:N \l_shipout_box 
                                                  \__shipout_drop_firstpage_...
l.1 \chapter
            {Robust H-infinity Control} <../images/impulse_response_discrete.pn
g (PNG copy)>]
Chapter 8.
<../images/hinf_norm.png, id=1225, 690.32906pt x 497.60907pt>
File: ../images/hinf_norm.png Graphic file (type png)
<use ../images/hinf_norm.png>
Package pdftex.def Info: ../images/hinf_norm.png  used on input line 22.
(pdftex.def)             Requested size: 270.30118pt x 194.84123pt.
[57


pdfTeX warning (ext4): destination with the same identifier (name{figure.8.1}) 
has been already used, duplicate ignored
<argument> ...shipout:D \box_use:N \l_shipout_box 
                                                  \__shipout_drop_firstpage_...
l.28 \begin{equation}
                      <../images/hinf_norm.png (PNG copy)>]

Package fancyhdr Warning: \headheight is too small (12.0pt): 
(fancyhdr)                Make it at least 13.59999pt, for example:
(fancyhdr)                \setlength{\headheight}{13.59999pt}.
(fancyhdr)                You might also make \topmargin smaller:
(fancyhdr)                \addtolength{\topmargin}{-1.59999pt}.

[58]
<../images/hinf_norm_discrete.png, id=1252, 771.63281pt x 534.49687pt>
File: ../images/hinf_norm_discrete.png Graphic file (type png)
<use ../images/hinf_norm_discrete.png>
Package pdftex.def Info: ../images/hinf_norm_discrete.png  used on input line 1
17.
(pdftex.def)             Requested size: 270.30118pt x 187.23166pt.


Package fancyhdr Warning: \headheight is too small (12.0pt): 
(fancyhdr)                Make it at least 13.59999pt, for example:
(fancyhdr)                \setlength{\headheight}{13.59999pt}.
(fancyhdr)                You might also make \topmargin smaller:
(fancyhdr)                \addtolength{\topmargin}{-1.59999pt}.

[59]

Package fancyhdr Warning: \headheight is too small (12.0pt): 
(fancyhdr)                Make it at least 13.59999pt, for example:
(fancyhdr)                \setlength{\headheight}{13.59999pt}.
(fancyhdr)                You might also make \topmargin smaller:
(fancyhdr)                \addtolength{\topmargin}{-1.59999pt}.

[60
pdfTeX warning (ext4): destination with the same identifier (name{figure.8.2}) 
has been already used, duplicate ignored
<argument> ...shipout:D \box_use:N \l_shipout_box 
                                                  \__shipout_drop_firstpage_...
l.155     \end{equation}
                         <../images/hinf_norm_discrete.png (PNG copy)>])
(chapter9.tex

Package fancyhdr Warning: \headheight is too small (12.0pt): 
(fancyhdr)                Make it at least 13.59999pt, for example:
(fancyhdr)                \setlength{\headheight}{13.59999pt}.
(fancyhdr)                You might also make \topmargin smaller:
(fancyhdr)                \addtolength{\topmargin}{-1.59999pt}.

[61]
Chapter 9.
<../images/robust_state_observer.png, id=1294, 191.7564pt x 134.904pt>
File: ../images/robust_state_observer.png Graphic file (type png)
<use ../images/robust_state_observer.png>
Package pdftex.def Info: ../images/robust_state_observer.png  used on input lin
e 25.
(pdftex.def)             Requested size: 270.30118pt x 190.16731pt.
[62

]
<../images/robust_state_observer_disturb.png, id=1304, 283.2984pt x 134.904pt>
File: ../images/robust_state_observer_disturb.png Graphic file (type png)
<use ../images/robust_state_observer_disturb.png>
Package pdftex.def Info: ../images/robust_state_observer_disturb.png  used on i
nput line 55.
(pdftex.def)             Requested size: 270.30118pt x 128.72209pt.


Package fancyhdr Warning: \headheight is too small (12.0pt): 
(fancyhdr)                Make it at least 13.59999pt, for example:
(fancyhdr)                \setlength{\headheight}{13.59999pt}.
(fancyhdr)                You might also make \topmargin smaller:
(fancyhdr)                \addtolength{\topmargin}{-1.59999pt}.

[63
pdfTeX warning (ext4): destination with the same identifier (name{figure.9.1}) 
has been already used, duplicate ignored
<argument> ...shipout:D \box_use:N \l_shipout_box 
                                                  \__shipout_drop_firstpage_...
l.64 \end{equation}
                   
pdfTeX warning (ext4): destination with the same identifier (name{figure.9.2}) 
has been already used, duplicate ignored
<argument> ...shipout:D \box_use:N \l_shipout_box 
                                                  \__shipout_drop_firstpage_...
l.64 \end{equation}
                    <../images/robust_state_observer.png> <../images/robust_sta
te_observer_disturb.png>]

Package fancyhdr Warning: \headheight is too small (12.0pt): 
(fancyhdr)                Make it at least 13.59999pt, for example:
(fancyhdr)                \setlength{\headheight}{13.59999pt}.
(fancyhdr)                You might also make \topmargin smaller:
(fancyhdr)                \addtolength{\topmargin}{-1.59999pt}.

[64]

Package fancyhdr Warning: \headheight is too small (12.0pt): 
(fancyhdr)                Make it at least 13.59999pt, for example:
(fancyhdr)                \setlength{\headheight}{13.59999pt}.
(fancyhdr)                You might also make \topmargin smaller:
(fancyhdr)                \addtolength{\topmargin}{-1.59999pt}.

[65]) (chapter10.tex

Package fancyhdr Warning: \headheight is too small (12.0pt): 
(fancyhdr)                Make it at least 13.59999pt, for example:
(fancyhdr)                \setlength{\headheight}{13.59999pt}.
(fancyhdr)                You might also make \topmargin smaller:
(fancyhdr)                \addtolength{\topmargin}{-1.59999pt}.

[66]
Chapter 10.
<../images/sampled-data-system.png, id=1368, 178.266pt x 110.814pt>
File: ../images/sampled-data-system.png Graphic file (type png)
<use ../images/sampled-data-system.png>
Package pdftex.def Info: ../images/sampled-data-system.png  used on input line 
17.
(pdftex.def)             Requested size: 270.30118pt x 168.03825pt.
[67


pdfTeX warning (ext4): destination with the same identifier (name{figure.10.1})
 has been already used, duplicate ignored
<argument> ...shipout:D \box_use:N \l_shipout_box 
                                                  \__shipout_drop_firstpage_...
l.28 \end{equation}
                    <../images/sampled-data-system.png>]

Package fancyhdr Warning: \headheight is too small (12.0pt): 
(fancyhdr)                Make it at least 13.59999pt, for example:
(fancyhdr)                \setlength{\headheight}{13.59999pt}.
(fancyhdr)                You might also make \topmargin smaller:
(fancyhdr)                \addtolength{\topmargin}{-1.59999pt}.

[68]
<../images/piecewise_linear.png, id=1396, 648.021pt x 439.4016pt>
File: ../images/piecewise_linear.png Graphic file (type png)
<use ../images/piecewise_linear.png>
Package pdftex.def Info: ../images/piecewise_linear.png  used on input line 89.

(pdftex.def)             Requested size: 218.51521pt x 148.16759pt.
<../images/piecewise_linear2.png, id=1397, 657.4161pt x 444.9423pt>
File: ../images/piecewise_linear2.png Graphic file (type png)
<use ../images/piecewise_linear2.png>
Package pdftex.def Info: ../images/piecewise_linear2.png  used on input line 96
.
(pdftex.def)             Requested size: 218.51521pt x 147.89053pt.
<../images/piecewise_linear_nphi_1.png, id=1399, 648.021pt x 439.4016pt>
File: ../images/piecewise_linear_nphi_1.png Graphic file (type png)
<use ../images/piecewise_linear_nphi_1.png>
Package pdftex.def Info: ../images/piecewise_linear_nphi_1.png  used on input l
ine 112.
(pdftex.def)             Requested size: 218.51521pt x 148.16759pt.
<../images/piecewise_linear_nphi_2.png, id=1400, 648.021pt x 439.4016pt>
File: ../images/piecewise_linear_nphi_2.png Graphic file (type png)
<use ../images/piecewise_linear_nphi_2.png>
Package pdftex.def Info: ../images/piecewise_linear_nphi_2.png  used on input l
ine 119.
(pdftex.def)             Requested size: 218.51521pt x 148.16759pt.


Package fancyhdr Warning: \headheight is too small (12.0pt): 
(fancyhdr)                Make it at least 13.59999pt, for example:
(fancyhdr)                \setlength{\headheight}{13.59999pt}.
(fancyhdr)                You might also make \topmargin smaller:
(fancyhdr)                \addtolength{\topmargin}{-1.59999pt}.

[69
pdfTeX warning (ext4): destination with the same identifier (name{figure.10.2})
 has been already used, duplicate ignored
<argument> ...shipout:D \box_use:N \l_shipout_box 
                                                  \__shipout_drop_firstpage_...
l.126 
      
pdfTeX warning (ext4): destination with the same identifier (name{figure.10.3})
 has been already used, duplicate ignored
<argument> ...shipout:D \box_use:N \l_shipout_box 
                                                  \__shipout_drop_firstpage_...
l.126 
      
pdfTeX warning (ext4): destination with the same identifier (name{figure.10.4})
 has been already used, duplicate ignored
<argument> ...shipout:D \box_use:N \l_shipout_box 
                                                  \__shipout_drop_firstpage_...
l.126 
       <../images/piecewise_linear.png (PNG copy)> <../images/piecewise_linear2
.png>]
File: ../images/politopo.png Graphic file (type png)
<use ../images/politopo.png>
Package pdftex.def Info: ../images/politopo.png  used on input line 132.
(pdftex.def)             Requested size: 156.49014pt x 144.7541pt.


Package fancyhdr Warning: \headheight is too small (12.0pt): 
(fancyhdr)                Make it at least 13.59999pt, for example:
(fancyhdr)                \setlength{\headheight}{13.59999pt}.
(fancyhdr)                You might also make \topmargin smaller:
(fancyhdr)                \addtolength{\topmargin}{-1.59999pt}.

[70
pdfTeX warning (ext4): destination with the same identifier (name{figure.10.5})
 has been already used, duplicate ignored
<argument> ...shipout:D \box_use:N \l_shipout_box 
                                                  \__shipout_drop_firstpage_...
l.153     \item D
                 efine $Y = K W_0$ where $W_0 = P_0^{-1}$.
pdfTeX warning (ext4): destination with the same identifier (name{figure.10.6})
 has been already used, duplicate ignored
<argument> ...shipout:D \box_use:N \l_shipout_box 
                                                  \__shipout_drop_firstpage_...
l.153     \item D
                 efine $Y = K W_0$ where $W_0 = P_0^{-1}$.
pdfTeX warning (ext4): destination with the same identifier (name{figure.10.7})
 has been already used, duplicate ignored
<argument> ...shipout:D \box_use:N \l_shipout_box 
                                                  \__shipout_drop_firstpage_...
l.153     \item D
                 efine $Y = K W_0$ where $W_0 = P_0^{-1}$.
pdfTeX warning (ext4): destination with the same identifier (name{figure.10.8})
 has been already used, duplicate ignored
<argument> ...shipout:D \box_use:N \l_shipout_box 
                                                  \__shipout_drop_firstpage_...
l.153     \item D
                 efine $Y = K W_0$ where $W_0 = P_0^{-1}$. <../images/piecewise
_linear_nphi_1.png (PNG copy)> <../images/piecewise_linear_nphi_2.png (PNG copy
)>]) (chapter11.tex

Package fancyhdr Warning: \headheight is too small (12.0pt): 
(fancyhdr)                Make it at least 13.59999pt, for example:
(fancyhdr)                \setlength{\headheight}{13.59999pt}.
(fancyhdr)                You might also make \topmargin smaller:
(fancyhdr)                \addtolength{\topmargin}{-1.59999pt}.

[71]
Chapter 11.
[72

]
<../images/mjls_example1.png, id=1446, 666.8112pt x 436.9926pt>
File: ../images/mjls_example1.png Graphic file (type png)
<use ../images/mjls_example1.png>
Package pdftex.def Info: ../images/mjls_example1.png  used on input line 47.
(pdftex.def)             Requested size: 218.51521pt x 143.20113pt.
<../images/mjls_instability.png, id=1447, 667.7748pt x 436.9926pt>
File: ../images/mjls_instability.png Graphic file (type png)
<use ../images/mjls_instability.png>
Package pdftex.def Info: ../images/mjls_instability.png  used on input line 54.

(pdftex.def)             Requested size: 218.51521pt x 142.99443pt.


Package fancyhdr Warning: \headheight is too small (12.0pt): 
(fancyhdr)                Make it at least 13.59999pt, for example:
(fancyhdr)                \setlength{\headheight}{13.59999pt}.
(fancyhdr)                You might also make \topmargin smaller:
(fancyhdr)                \addtolength{\topmargin}{-1.59999pt}.

[73
pdfTeX warning (ext4): destination with the same identifier (name{figure.11.1})
 has been already used, duplicate ignored
<argument> ...shipout:D \box_use:N \l_shipout_box 
                                                  \__shipout_drop_firstpage_...
l.83 \end{align}
                
pdfTeX warning (ext4): destination with the same identifier (name{figure.11.2})
 has been already used, duplicate ignored
<argument> ...shipout:D \box_use:N \l_shipout_box 
                                                  \__shipout_drop_firstpage_...
l.83 \end{align}
                
pdfTeX warning (ext4): destination with the same identifier (name{figure.11.3})
 has been already used, duplicate ignored
<argument> ...shipout:D \box_use:N \l_shipout_box 
                                                  \__shipout_drop_firstpage_...
l.83 \end{align}
                 <../images/mjls_example1.png (PNG copy)> <../images/mjls_insta
bility.png (PNG copy)>]

Package fancyhdr Warning: \headheight is too small (12.0pt): 
(fancyhdr)                Make it at least 13.59999pt, for example:
(fancyhdr)                \setlength{\headheight}{13.59999pt}.
(fancyhdr)                You might also make \topmargin smaller:
(fancyhdr)                \addtolength{\topmargin}{-1.59999pt}.

[74]
<../images/mjls_ncs_pendulo.png, id=1476, 514.5624pt x 440.3652pt>
File: ../images/mjls_ncs_pendulo.png Graphic file (type png)
<use ../images/mjls_ncs_pendulo.png>
Package pdftex.def Info: ../images/mjls_ncs_pendulo.png  used on input line 158
.
(pdftex.def)             Requested size: 284.52756pt x 243.51189pt.


Package fancyhdr Warning: \headheight is too small (12.0pt): 
(fancyhdr)                Make it at least 13.59999pt, for example:
(fancyhdr)                \setlength{\headheight}{13.59999pt}.
(fancyhdr)                You might also make \topmargin smaller:
(fancyhdr)                \addtolength{\topmargin}{-1.59999pt}.

[75]
<../images/mjls_example2.png, id=1489, 662.475pt x 436.9926pt>
File: ../images/mjls_example2.png Graphic file (type png)
<use ../images/mjls_example2.png>
Package pdftex.def Info: ../images/mjls_example2.png  used on input line 171.
(pdftex.def)             Requested size: 256.0748pt x 168.9128pt.
<../images/mjls_example2_switching.png, id=1490, 666.3294pt x 436.9926pt>
File: ../images/mjls_example2_switching.png Graphic file (type png)
<use ../images/mjls_example2_switching.png>
Package pdftex.def Info: ../images/mjls_example2_switching.png  used on input l
ine 178.
(pdftex.def)             Requested size: 256.0748pt x 167.93927pt.


Package fancyhdr Warning: \headheight is too small (12.0pt): 
(fancyhdr)                Make it at least 13.59999pt, for example:
(fancyhdr)                \setlength{\headheight}{13.59999pt}.
(fancyhdr)                You might also make \topmargin smaller:
(fancyhdr)                \addtolength{\topmargin}{-1.59999pt}.

[76
pdfTeX warning (ext4): destination with the same identifier (name{figure.11.4})
 has been already used, duplicate ignored
<argument> ...shipout:D \box_use:N \l_shipout_box 
                                                  \__shipout_drop_firstpage_...
l.182 
      
pdfTeX warning (ext4): destination with the same identifier (name{figure.11.5})
 has been already used, duplicate ignored
<argument> ...shipout:D \box_use:N \l_shipout_box 
                                                  \__shipout_drop_firstpage_...
l.182 
       <../images/mjls_ncs_pendulo.png (PNG copy)> <../images/mjls_example2.png
 (PNG copy)>])

Package fancyhdr Warning: \headheight is too small (12.0pt): 
(fancyhdr)                Make it at least 13.59999pt, for example:
(fancyhdr)                \setlength{\headheight}{13.59999pt}.
(fancyhdr)                You might also make \topmargin smaller:
(fancyhdr)                \addtolength{\topmargin}{-1.59999pt}.

[77
pdfTeX warning (ext4): destination with the same identifier (name{figure.11.6})
 has been already used, duplicate ignored
<argument> ...shipout:D \box_use:N \l_shipout_box 
                                                  \__shipout_drop_firstpage_...
l.107 \end{document}
                     <../images/mjls_example2_switching.png (PNG copy)>]
(main.aux)
 ***********
LaTeX2e <2025-11-01>
L3 programming layer <2026-03-20>
 ***********


LaTeX Warning: There were multiply-defined labels.

Package rerunfilecheck Info: File `main.out' has not changed.
(rerunfilecheck)             Checksum: CC2DDBE16CCC2AC23799918526070B15;23110.
 ) 
Here is how much of TeX's memory you used:
 27560 strings out of 467691
 532882 string characters out of 5414987
 938683 words of memory out of 5000000
 55289 multiletter control sequences out of 15000+600000
 699375 words of font info for 199 fonts, out of 8000000 for 9000
 1141 hyphenation exceptions out of 8191
 98i,16n,118p,1003b,660s stack positions out of 10000i,1000n,20000p,200000b,200000s
<C:/Users/engma/AppData/Local/Programs/MiKTeX/fonts/type1/public/lm/lmbx10.pf
b><C:/Users/engma/AppData/Local/Programs/MiKTeX/fonts/type1/public/lm/lmbx12.pf
b><C:/Users/engma/AppData/Local/Programs/MiKTeX/fonts/type1/public/lm/lmex10.pf
b><C:/Users/engma/AppData/Local/Programs/MiKTeX/fonts/type1/public/lm/lmmi10.pf
b><C:/Users/engma/AppData/Local/Programs/MiKTeX/fonts/type1/public/lm/lmmi6.pfb
><C:/Users/engma/AppData/Local/Programs/MiKTeX/fonts/type1/public/lm/lmmi8.pfb>
<C:/Users/engma/AppData/Local/Programs/MiKTeX/fonts/type1/public/lm/lmr10.pfb><
C:/Users/engma/AppData/Local/Programs/MiKTeX/fonts/type1/public/lm/lmr12.pfb><C
:/Users/engma/AppData/Local/Programs/MiKTeX/fonts/type1/public/lm/lmr6.pfb><C:/
Users/engma/AppData/Local/Programs/MiKTeX/fonts/type1/public/lm/lmr8.pfb><C:/Us
ers/engma/AppData/Local/Programs/MiKTeX/fonts/type1/public/lm/lmri10.pfb><C:/Us
ers/engma/AppData/Local/Programs/MiKTeX/fonts/type1/public/lm/lmsy10.pfb><C:/Us
ers/engma/AppData/Local/Programs/MiKTeX/fonts/type1/public/lm/lmsy6.pfb><C:/Use
rs/engma/AppData/Local/Programs/MiKTeX/fonts/type1/public/lm/lmsy8.pfb><C:/User
s/engma/AppData/Local/Programs/MiKTeX/fonts/type1/public/amsfonts/symbols/msam1
0.pfb><C:/Users/engma/AppData/Local/Programs/MiKTeX/fonts/type1/public/amsfonts
/symbols/msam7.pfb><C:/Users/engma/AppData/Local/Programs/MiKTeX/fonts/type1/pu
blic/amsfonts/symbols/msbm10.pfb>
Output written on main.pdf (78 pages, 2921182 bytes).
PDF statistics:
 1719 PDF objects out of 1728 (max. 8388607)
 645 named destinations out of 1000 (max. 500000)
 40024 words of extra memory for PDF output out of 42996 (max. 10000000)

